Player Name,Team Initials,Position,Headline,News Snippet,Source,Rotoworld Author,Date,URL
Jaylen Waddle,DEN,Wide Receiver,"Jaylen Waddle caught 2-of-7 targets for 10 yards in the Broncos’ Week 3 win over the Rams, adding 14 yards on one carry.","Waddle would also add a successful two-point reception in the third quarter to give him a slight boost in counting stats, although the 6.4-point effort left fantasy managers in desperate need of better production from their fourth-round selection in fantasy drafts. Waddle has now sandwiched poor fantasy outings with one usable game through three weeks. Fantasy managers are likely left to ride out the struggles of the Denver offense in hopes of greener pastures, which could come in a Week 4 showdown with the 49ers. Treat Waddle as an upside WR3, at present.",,,"Sep 27, 2026",
Pat Bryant,DEN,Wide Receiver,Pat Bryant caught both targets for 44 yards and a touchdown in the Broncos’ Week 3 win over the Rams.,Bryant also added a successful two-point reception in the third quarter to give him a usable fantasy week for the first time in 2026. He continues to play well behind Courtland Sutton and Jaylen Waddle in an offense that has yet to find its footing with a new offensive play caller. He’ll be a difficult start in Week 4 against the 49ers.,,,"Sep 27, 2026",
Courtland Sutton,DEN,Wide Receiver,Courtland Sutton caught 3-of-7 targets for 46 yards in the Broncos’ Week 3 win over the Rams.,"Sutton tied for the team lead in targets while pacing the offense in yards, which highlights the struggles that persist in Davis Webb’s offense through three games. He will be off the FLEX radar ahead of a Week 4 showdown against the 49ers.",,,"Sep 27, 2026",
J.K. Dobbins,DEN,Running Back,"J.K. Dobbins rushed 17 times for 49 yards in the Broncos’ Week 3 win over the Rams, adding four yards on one reception.","Dobbins and the rest of the Denver offense have been subject to poor situational tendencies from first-time play caller Davis Webb’s offense through three weeks. Dobbins is the player arguably hit the hardest with poor play sequencing as the bulk of his work comes on early downs. Even so, Dobbins now has a higher share of the backfield opportunities following the placement of Jonah Coleman on IR Saturday. Dobbins is a shaky RB3 ahead of a Week 4 showdown with the 49ers.",,,"Sep 27, 2026",
Bo Nix,DEN,Quarterback,"Bo Nix completed 17-of-34 passes for 186 yards, two touchdowns, and one interception in the Broncos’ 30-26, Week 3 win over the Rams, adding seven yards and a touchdown on four carries.","The Broncos were shut out in the first half amidst consistent struggles from Nix, who, for his part, turned in solid production in a third quarter that saw the Broncos knot the game at 16 through two touchdowns and successful two-point conversions. Nix and the Broncos would struggle to move the football again in the fourth quarter but a pick-six from safety Talanoa Hufanga gave them the lead with under five minutes to play. Stafford returned blows to send the Rams to a three-point lead before Nix’s game-winning score from one yard out. That final drive was aided by three key penalties to go against the Rams, the final of which was questionable, to put it kindly. Josh Wallace appeared to intercept Nix for the second time in the fourth quarter but a defensive pass interference penalty was called, giving the Broncos renewed life. Hufanga would intercept Stafford for a second time in the fourth quarter, this time in the end zone, to seal the victory for the Broncos as time expired. Nix and offensive coordinator Davis Webb have not looked good through three games despite the team’s 2-1 record, and will need to clean things up ahead of another NFC West showdown against the 49ers in Week 4. Nix is currently nothing more than a middling QB2.",,,"Sep 27, 2026",
Tyler Higbee,,,Tyler Higbee caught 8-of-11 targets for 62 yards and a touchdown in the Rams’ Week 3 loss to the Broncos.,"Higbee’s first quarter touchdown got the scoring started for the Rams, but it wasn’t until Terrance Ferguson departed with an ankle injury that his volume truly took off. From that point forward, Higbee was one of the primary options through the air, finishing two targets behind Davante Adams for the team lead. Fantasy managers will want to monitor Ferguson’s status closely in the coming week as Higbee could become a legitimate waiver target should Ferguson miss time.",,,"Sep 27, 2026",
Konata Mumpfield,,,Konata Mumpfield caught 4-of-8 targets for 93 yards and a touchdown in the Rams’ Week 3 loss to the Broncos.,Mumpfield managed just one grab before erupting for 78 yards and a touchdown on a single drive in the fourth quarter with the Rams trailing for the first time in the game. His touchdown came on a double move against Riley Moss down the sideline for a walk-in score from 48 yards out. Mumpfield stepped into a growing role the previous two weeks in the absence of Puka Nacua and could remain a starter at wide receiver should Nacua miss additional time.,,,"Sep 27, 2026",
Davante Adams,,,Davante Adams caught 7-of-13 targets for 137 yards in the Rams’ Week 3 loss to the Broncos.,"Adams’ 137 yards combine with the 195 yards he erupted for in Week 2 to set a new high in receiving yards in consecutive games during his remarkable career. Even more stunning was the fact that he did so against one of the top corners in the league in Pat Surtain, who shadowed Adams for all but a handful of his routes, proving his ability to get open against top competition even in the later stages of his career. Puka Nacua missed both Week 2 and Week 3 but the details of, and timeline to return from, his injury remain convoluted, at best. Adams will remains a top-tier WR1 should Nacua miss more time, and would be solid WR2 should Nacua return for a Week 4 meeting with the Eagles.",,,"Sep 27, 2026",
Kyren Williams,,,"Kyren Williams rushed 15 times for 88 yards in the Rams’ Week 3 loss to the Broncos, adding 70 yards on six receptions.","Williams’ 70 yards through the air were a career-high mark in receiving for a single game, returning yet another RB1 fantasy performance despite sharing backfield work with Blake Corum. Corum managed only 15 yards on six carries and caught two passes for zero additional yards. Furthermore, Corum has still not seen a carry inside the red zone through three games of the 2026 season. Williams remains a surefire RB1 ahead of a difficult matchup against the Eagles in Week 4.",,,"Sep 27, 2026",
Matthew Stafford,,,"Matthew Stafford completed 30-of-55 passes for 390 yards, two touchdowns, and two interceptions in the Rams’ 30-26, Week 3 loss to the Broncos, adding 13 yards on two carries.","The Rams stormed out to a 16-0 lead they would take into the break but two unanswered scores and two-point conversions from the Broncos saw the game knotted at 16 heading into the fourth quarter, which is where the scoring really took off. Stafford and the Rams appeared to be in control of the game until a Talanoa Hufanga pick-six off Stafford, making 33 career pick-sixes thrown to give him a record he would otherwise not like to have on his ledger. Stafford answered on the following possession on a 48-yard strike to Konata Mumpfield, only for the Broncos to answer back with a Bo Nix rushing score with 47 seconds left to play. Stafford worked more magic to get the team into the red zone, marching the field with only one timeout with a chance to win on the final play of the game. Hufanga ultimately won the play with his second interception off Stafford, sending the Rams to a 1-2 record. Stafford also became the first quarterback in NFL history to throw for 20,000 yards for two different franchises in the loss. Stafford remains a locked-in QB1 in fantasy circles ahead of a Week 4 showdown with the Eagles on the road.",,,"Sep 27, 2026",
Mike Evans,SF,Wide Receiver,49ers coach Kyle Shanahan said the team is still gathering information on WR Mike Evans’ (ribs/oblique) injuries.,"According to ESPN’s Nick Wagoner, “it was unclear exactly what happened to Evans.” He got hit hard in the sternum on a catch over the middle, but remained in the game for a few plays before needing help from the training staff to get off the field. Shanahan said the team couldn’t tell if Evans broke a rib or injured his oblique, but he believes those questions will be answered tomorrow, indicating Evans will likely undergo imaging. He entered the game with a hip injury. Wagoner adds that LT Trent Williams (stinger) and LB Dre Greenlaw’s (quad) injuries “seemed less severe” than Evans’ injury.",ESPN,,"Sep 27, 2026",
Justin Jefferson,MIN,Wide Receiver,Vikings coach Kevin O’Connell said WR Justin Jefferson (ankle) “got close” to returning a couple of times in Week 3 against the Buccaneers.,"According to the Minnesota Star Tribune’s Ben Goessling, the Vikings will evaluate Jefferson’s injury further, “but it didn’t sound terribly serious initially.” It sounds like Jefferson could have a chance to play in Week 4 against the Dolphins’ fantasy-friendly pass defense, though nothing is certain at this time. Stay tuned.",Ben Goessling,,"Sep 27, 2026",
Zach Ertz,PHI,Tight End,The Philadelphia Inquirer’s Jeff McLane reports that Eagles TE Zach Ertz is expected to be activated off the practice squad for the Eagles’ Week 3 game against the Bears.,"Ertz makes for a dicey starting option in season-long leagues, but he’s stuck around this long for a reason. It stands to reason that the Eagles will keep him on a snap count, but if he’s feeling good in-game, they could allow him to get a little extra action.",Jeff McLane,,"Sep 27, 2026",
Cody White,LV,Wide Receiver,Cody White caught 1-of-3 targets for four yards and one touchdown in the Raiders’ Week 3 win over the Saints.,"White has likely earned himself a roster spot with three touchdowns in two weeks. He scored via an in-breaking route on the Raiders’ eighth possession, operating as the apparent checkdown in the progression. He is not yet worth stashing, but take note of his productivity.",,,"Sep 27, 2026",
RJ Harvey,DEN,Running Back,"RJ Harvey rushed twice for six yards in the Broncos’ Week 3 win over the Rams, adding 41 yards on six receptions.","Harvey took an awkward tackle and appeared to stumble following the play. He was removed during the commercial break and taken to the locker room to be evaluated for a concussion. Harvey gained six yards on two carries prior to departing, adding 39 yards on five receptions, but would return for the fourth quarter to add two additional yards on one additional catch. Harvey continues to add value through the air but could struggle to return value better than RB3 in fantasy circles given the current struggles of the offense. He’ll be an RB3 against the 49ers in Week 4.",,,"Sep 27, 2026",
Kendre Miller,NO,Running Back,"Kendre Miller rushed four times for 14 yards in the Saints’ Week 3 loss to the Raiders, adding two receptions for five yards.","Miller dealt with an illness this week, but today’s performance can hardly be called sick. Miller had a chance to carve out a role after RB Travis Etienne aggravated his hamstring injury, but he didn’t do much with the opportunity. If Etienne cannot play, Miller will be a touchdown-dependent FLEX.",,,"Sep 27, 2026",
Alvin Kamara,NO,Running Back,"Alvin Kamara rushed nine times for 36 yards in the Saints’ Week 3 loss to the Raiders, adding one reception for five yards.","Kamara largely assumed lead rushing duties once RB Travis Etienne left after aggravating his hamstring injury, but it didn’t count for much. The 31-year-old Kamara will likely be the Saints’ starter next week, assuming Etienne cannot play, but he is only an FLEX play against the Falcons.",,,"Sep 27, 2026",
Noah Fant,NO,Tight End,Noah Fant caught 4-of-4 targets for 33 yards and two touchdowns in the Saints’ Week 3 loss to the Raiders.,Fant chipped in two touchdowns in a game that tied an NFL record for tight end touchdowns (six). His first was on a three-yard slant. His second was an impressive catch-and-run play via play-action from 16 yards out. Fant is not on the starting radar next week against the Falcons.,,,"Sep 27, 2026",
Juwan Johnson,NO,Tight End,"Juwan Johnson caught 8-of-8 targets for 53 yards, two touchdowns and one lost fumble in the Saints’ Week 3 loss to the Raiders.","Johnson was getting open at will on out routes and shallow crossers. He and TE Noah Fant, along with the two Raiders tight ends, combined for six touchdowns, tying an NFL positional record. Johnson fumbled while trying to make a big play for his team late in the game. He attempted to stiff-arm LB Nakobe Dean, who cleanly punched the ball out for CB Eric Stokes to recover. Johnson made a real heads-up play earlier on, though. Saints QB Tyler Shough threw a bad pass to Johnson earlier on, which CB Hezekiah Masses easily picked off and returned downfield. Johnson raced after him and successfully punched the ball out with a diving hammer-fist, but the Raiders ultimately recovered that fumble, leading to a turnover for the Saints. Johnson remains a reliable TE1 against the Falcons next week.",,,"Sep 27, 2026",
Devaughn Vele,NO,Wide Receiver,Devaughn Vele caught 3-of-6 targets for 39 yards in the Saints’ loss to the Raiders.,"Vele nearly added a decent first-down pickup to his box score, but he was unable to secure the pass as he was diving to the ground. Aside from that, he had a nice 17-yard gain in which he ripped his leg away from a would-be tackler and scampered away for a few extra yards. Vele is a boom-bust FLEX against the Falcons next week.",,,"Sep 27, 2026",
Chris Olave,NO,Wide Receiver,Chris Olave caught 9-of-13 targets for 107 yards in the Saints’ Week 3 loss to the Raiders.,"Olave won at every level, be it on outs, corners or crossers. He nearly scored three times. Once on the Saints’ first possession, another on the third and again on the fourth. Saints QB Tyler Shough overthrew him on the first sequence. Olave had his defender beat as he broke inward at the Raiders’ 10-yard line. On the second one, Shough tried to force a tight-window throw from the Raiders’ three-yard line but two Raiders defenders swatted the pass down at the line of scrimmage. The last one was perhaps the biggest heartbreak. Shough connected with Olave on a slant route from the Raiders’ seven-yard line and Olave was tackled immediately after catching it at the one-yard line. Saints TE Juwan Johnson scored two plays later. Olave remains a WR1 against the Falcons next week.",,,"Sep 27, 2026",
Jauan Jennings,MIN,Wide Receiver,Jauan Jennings caught 1-of-2 targets for one yard in the Vikings’ Week 3 win over the Bucs.,"Jennings hasn’t been part of the Minnesota passing attack through three weeks. Against the Bucs Jennings ran the second most pass routes on the Vikings, behind only Jordan Addison. The low-volume Vikings passing offense likely can’t support more than one fantasy viable pass catcher per week. Jennings should remain on waivers for now.",,,"Sep 27, 2026",
Darnell Washington,PIT,Tight End,Darnell Washington caught 3-of-4 targets for 67 yards in the Steelers’ Week 3 win over the Bengals.,"No, Washington can’t be trusted in fantasy, but he sure is fun when he gets a full head of steam. Washington caught a season-high three passes in Sunday’s win over the Bengals and led the Steelers in receiving yards, thanks largely to the 47-yard play he made in the fourth quarter. A true man among boys with the ball in his hands, Washington rumbled through and past multiple defenders on his way to the big gain. While he’s always good for an exciting play or two, Washington can be left on waivers for now.",,,"Sep 27, 2026",
Tyler Shough,NO,Quarterback,"Tyler Shough completed 29-of-42 passes for 255 yards, four touchdowns and one interception in the Saints’ 27-35, Week 3 loss to the Raiders, adding one rush for 36 yards and two lost fumbles.","Shough funneled four touchdown passes to Saints TEs Juwan Johnson and Noah Fant, bringing the game’s total to six and tying a league record. The Saints’ quarterback played well overall, though his interception was due to a poor throw. Both fumbles were caused by Raiders pass rushers, and Shough had a third fumble reversed by an illegal contact penalty on the Raiders. Regardless, he can be trusted to throw the ball voluminously while adding a little extra with his legs. He warrants low-end QB1 treatment against the Falcons next week.",,,"Sep 27, 2026",
Pat Freiermuth,PIT,Tight End,Pat Freiermuth caught 2-of-4 targets for 30 yards in the Steelers’ Week 3 win over the Bengals,Aaron Rodgers narrowly missed Freiermuth on a 20-plus-yard throw in the third quarter that could have been a touchdown if they had connected. Freiermuth has been targeted 14 times through the first three weeks but has just one meaningful fantasy line (5-45-1) thus far. Fantasy managers can find better options that Muth in Week 4’s game against the Browns.,,,"Sep 27, 2026",
Jalen McMillan,TB,Wide Receiver,Jalen McMillan did not catch his lone target in the Bucs’ Week 3 loss to the Vikings.,"McMillan sustained a knee injury in the first quarter and did not return to the game. The Bucs said they would evaluate the injury on Sunday night. Ted Hurst ran almost every route in the Tampa offense with McMillan sidelined, catching a 40-yard touchdown in the first half. Hurst would continue to play significant snaps if McMillan is out for a while.",,,"Sep 27, 2026",
Jalen Nailor,LV,Wide Receiver,Jalen Nailor caught 1-of-3 targets for 16 yards in the Raiders’ Week 3 win over the Saints.,Nailor picked up on first down on the Raiders’ opening drive after going in motion and running a crossing route. Raiders QB Kirk Cousins was off-target on his other two throws to Nailor. He does not need to be rostered in 12-team leagues.,,,"Sep 27, 2026",
Michael Pittman,PIT,Wide Receiver,Michael Pittman caught 2-of-5 targets for 16 yards in the Steelers’ Week 3 win over the Bengals.,"Pittman was back in action after missing Week 2’s game with a foot injury. Despite being on the field for 28 routes, the veteran receiver struggled to make much of an impact, making two eight-yard receptions on back-to-back drives before fading into the distance. Pittman has caught 5-of-8 targets for 74 scoreless yards this season and shouldn’t be counted on for Week 4’s game against the Browns.",,,"Sep 27, 2026",
Ted Hurst,TB,Wide Receiver,Ted Hurst caught his lone target for 40 yards and a touchdown in the Bucs’ Week 3 loss to the Vikings.,"Hurst caught a perfectly-placed 40-yard score down the seam in the first half and did not see another look from Baker Mayfield. It wasn’t a lack of playing time that limited Hurst: He ran a route on 39 of the team’s 43 drop backs on the day. His downfield profile will make Hurst a volatile weekly play in 12-team leagues. He should probably stay on benches next week against the Dolphins if Mayfield (hand) is sidelined, however.",,,"Sep 27, 2026",
Kendrick Bourne,ARI,Wide Receiver,Kendrick Bourne caught 2-of-3 targets for 22 yards in the Cardinals’ Week 3 loss to the 49ers.,"Bourne operated as the Cardinals’ No. 3 wide receiver, seeing just three targets in a high-volume passing day. The team’s pass-catching hierarchy seems to have settled in, with Michael Wilson and Marvin Harrison operating as the top wide receivers and Trey McBride the top tight end. Bourne will get some looks behind this group but won’t be fantasy relevant without an injury ahead of him.",,,"Sep 27, 2026",
Emeka Egbuka,TB,Wide Receiver,Emeka Egbuka caught 5-of-9 targets for 62 yards in the Bucs’ Week 3 loss to the Vikings.,Egbuka once again led the Tampa offense in targets and receptions but did not seem to be on the same page with Baker Mayfield. It’s a recurring theme in the early season that might not be worked out any time soon if Mayfield misses time with a hand injury he sustained in the fourth quarter against Minnesota. Egbuka should remain in lineups even if Jadon Daniels gets a start for the Bucs in Week 4 against Miami. He has 141 receiving yards through three games in the dysfunctional Tampa offense.,,,"Sep 27, 2026",
Mike Washington Jr.,LV,Running Back,Mike Washington rushed five times for 54 yards and one touchdown in the Raiders’ Week 3 win over the Saints.,"Washington looks spry and powerful, as usual, but remains limited to a small workload despite starting RB Ashton Jeanty getting his ankles checked early in the game. Washington scored on the Raiders’ sixth drive on a run up the middle. Initially, it looked like the Saints had him bottled up when he met the linebackers just beyond the line, but Washington kept his legs moving and exploded out to the right and took off down the sideline and into the end zone. The officials initially ruled Washington out of bounds inside the Saints’ one-yard line, but Raiders coach Klint Kubiak challenged the spot and won. Touchdown. Washington remains an elite bench stash and touchdown-dependent FLEX in Week 4 against the Chiefs.",,,"Sep 27, 2026",
Matt Hibner,BAL,Tight End,Matt Hibner caught 2-of-2 targets for 23 yards and a touchdown in the Ravens’ Week 3 win over the Cowboys.,"Hibner came up with a 21-yard reception in the third quarter, but his biggest play came on a two-yard touchdown pass from Lamar Jackson as the Ravens were driving to take the lead. Hibner found just enough of a soft spot in the zone coverage for Jackson to sneak the pass in for the go-ahead touchdown, and now has three receptions for 36 yards and a touchdown on the season. The rookie fourth-rounder isn’t on the fantasy radar at this time and can be left on waivers ahead of Week 4’s game against the Titans.",,,"Sep 27, 2026",
Cade Otton,TB,Tight End,Cade Otton caught 3-of-6 targets for 56 yards in the Bucs’ Week 3 loss to the Vikings.,"As usual, Otton led the Bucs in pass routes and was second on the team in targets behind Emeka Egbuka. Most of Otton’s production came on a 37-yard catch in the first half. Baker Mayfield narrowly missed the tight end for another long gain later in the contest. Otton’s route involvement should keep him in deep league lineups next week against the Packers, unless Mayfield (hand) is sidelined.",,,"Sep 27, 2026",
Marvin Harrison,ARI,Wide Receiver,Marvin Harrison Jr. caught 3-of-5 targets for 40 yards in the Cardinals’ Week 3 loss to the 49ers.,"Harrison finished the day with a modest 3/40 receiving line, though that represents a small share of the Cardinals’ offensive output on the day. His first target was a declined offensive pass interference on third down and his first reception came in the second quarter. Harrison did make a clutch catch on third-and-long in the fourth quarter but he ultimately saw just five targets on a day where Jacoby Brissett threw 52 passes. Michael Wilson looks like Brissett’s preferred wide receiver while the deep looks Harrison can excel at are not easily obtainable in this iteration of the Cardinals offense. Harrison is a low-end fantasy WR4 at best against the Giants next week.",,,"Sep 27, 2026",
Mark Andrews,BAL,Tight End,Mark Andrews caught 3-of-5 targets for 24 yards the Ravens’ Week 3 win over the Cowboys.,Andrews missed part of this game with a hand injury but returned to catch two passes for a total of 15 yards in the second half. Andrews has yet to find the end zone this season and hasn’t gone for more than 49 yards in a game. There’s not much for fantasy managers to rely on here heading into next week’s game against the Titans.,,,"Sep 27, 2026",
Kyle Williams,NE,Wide Receiver,Kyle Williams caught his lone target for 34 yards in the Patriots’ Week 3 loss to the Jaguars.,Williams logged a pass route on 16 of the Patriots’ 29 drop backs on the day and had one of the longest plays of the game for a struggling New England passing attack. Williams will need more playing time if he’s going to be viable for fantasy purposes. For now Mack Hollins appears to be the top wideout in the Patriots offense.,,,"Sep 27, 2026",
Ashton Jeanty,LV,Running Back,"Ashton Jeanty rushed 19 times for 56 yards in the Raiders’ Week 3 win over the Saints, adding three receptions for 37 yards.","Jeanty touched the ball four times on the Raiders’ opening drive before visiting with Raiders trainers while the Saints carried out their second possession. The medical staff taped both of Jeanty’s ankles and had him ready to go before the Raiders got the ball back. He came up grimacing after his ensuing carry, but remained active throughout all four quarters and totaled 21 touches on the day. He earned an end zone target on a wheel route early on, but the ball was overthrown. Jeanty might show up on the injury report this week, but he should be ready for an RB1-worthy workload against the Chiefs by the end of the week.",,,"Sep 27, 2026",
Terrance Ferguson,,,Rams TE Terrance Ferguson (ankle) returned to the game in the second quarter of Week 3 against the Broncos.,Ferguson departed after being tangled up on a target in the first quarter. He was taken to the locker room for x-rays but returned after missing only one drive. The talented youngster is coming off a career game in Week 2 as he looks to build momentum in the second game without Puka Nacua. He would ultimately depart again following his lone reception and would not return the rest of the game. Ferguson caught 1-of-2 targets for nine yards prior to departing for good.,,,"Sep 27, 2026",
Wan'Dale Robinson,TEN,Wide Receiver,Wan’Dale Robinson caught 7-of-11 targets for 57 yards and a touchdown in the Titans’ Week 3 loss to the Giants.,"Robinson got in the end zone for the first time as a Titan on a quick out route late in the fourth quarter. He comfortably led the team in targets and catches, though Carnell Tate beat him by one yard. Robinson and Tate are the only game in town for receiving opportunities on this team, but Cam Ward’s struggles make it hard to trust either for fantasy purposes. Robinson is a FLEX consideration in deeper leagues for his Week 4 matchup with the Ravens.",,,"Sep 27, 2026",
Zay Flowers,BAL,Wide Receiver,"Zay Flowers caught 5-of-6 targets for 84 yards in the Ravens’ Week 3 win over the Cowboys, adding one carry for 20 additional yards.","Flowers ran only 14 routes, but you wouldn’t know it by his production line. For a player dealing with a hamstring injury, he looked explosive every time he was on the field and turned three of his six touches into 20-plus-yard gains. Flowers hauled in a 22-yard pass in the first quarter to help set up a rush touchdown for Derrick Henry three plays later, and with time expiring in the fourth quarter, his 27-yard reception proved to be just enough to move Tyler Loop into position for the game-winning field goal with one second left on the clock. He’s only played in two games, but Flowers has been Lamar’s go-to target when on the field. His 48 percent targets per route run is one of the more absurd numbers you’ll find for any receiver. While that will eventually go down, there’s no denying he’s a must start whenever he’s active. Flowers will be in the mix as a high-end WR2 next week against the Titans.",,,"Sep 27, 2026",
Demond Claiborne,MIN,Running Back,Demond Claiborne had three rushes for one yard in the Vkings’ Week 3 win against the Bucs.,"Claiborne was the only Vikings back besides Aaron Jones to see a touch out of the backfield. DeeJay Dallas, meanwhile, was banged up coming into Week 3 and did not record a touch against the Bucs. Claiborne could see a fantasy-viable workload if Jones gets nicked up and Jordan Mason remains sidelined. He’s worth an add in deeper formats.",,,"Sep 27, 2026",
Aaron Jones,MIN,Running Back,"Aaron Jones had 17 rushes for 58 yards in the Vikings’ Week 3 win against the Bucs, adding five catches for 34 yards.","Only Jordan Addison saw more targets than Jones, who retained his lead back role for a second straight week with Jordan Mason injured. Demond Claiborne was the only other Minnesota running back to see a carry (he had three). Jones was a grinder against the Bucs, picking up key first downs and shedding tacklers on screen passes in the second half. The Vikings seem intent on feeding Jones the rock for now. That should keep him in all lineups next week against the Dolphins.",,,"Sep 27, 2026",
Carnell Tate,TEN,Wide Receiver,Carnell Tate caught 6-of-9 targets for 58 yards in the Titans’ Week 3 loss to the Giants.,"The first-round rookie posted new high-water marks in every receiving category, though he did so while seeing fewer targets than Wan’Dale Robinson. Tate got going with a few chunk plays late in the game, setting up a Robinson touchdown and another scoring opportunity that was squandered by Cam Ward. Tate might be making incremental progress with this box score, but he’s still at the fringes of the WR4 discussion for Week 4 against the Ravens.",,,"Sep 27, 2026",
Michael Wilson,ARI,Wide Receiver,Michael Wilson caught 11-of-17 targets for 89 yards and a touchdown in the Cardinals’ Week 3 loss to the 49ers.,"Wilson saw season-highs across the board as the Cardinals played catch-up against the 49ers for much of the day. He operated as the team’s No. 1 wide receiver, seeing over three times the opportunities as Marvin Harrison Jr. Catching much of the outside passes and intermediate crossers for the day, Wilson scored on a five-yard Jacoby Brissett pass in the third quarter. It’s clear he is Brissett’s top target in the offense, especially when the team is playing from behind. Wilson ranks as a high-end fantasy WR3 heading into Week 4 against the Giants.",,,"Sep 27, 2026",
Derrick Henry,BAL,Running Back,Derrick Henry rushed 26 times for 89 yards and two touchdowns in the Ravens’ Week 3 win over the Cowboys.,"Fantasy managers won’t balk at the production Henry provided their lineups in Sunday’s win over the Cowboys, but the Big Dog was largely bottled up against a suddenly stingy defensive front. Henry’s longest run came on a 29-yard burst in the third quarter that helped set up a Chris Moore receiving touchdown, but that run also accounted for 32.6 percent of Henry’s yards on the ground. He averaged a very underwhelming 2.4 YPC on his other 25 carries on the day and was tackled for a three-yard loss on a fourth-and-goal from the Cowboys’ one-yard line. The good news is Henry remains the unquestioned bell cow in the Ravens’ backfield, and he has a Week 4 revenge game against the Titans on tap. He’ll be a must start RB1 in what should be a plus matchup.",,,"Sep 27, 2026",
Kyler Murray,MIN,Quarterback,"Kyler Murray completed 15-of-29 attempts for 168 yards, one touchdown, and one interception in the Vikings’ Week 3 win against the Bucs, adding two rushes for 17 yards.","In his first action since sustaining a concussion in Week 1, Murray wasn’t asked to do much in this one. He was about 4 percent below his expected pass rate on the day with an average depth of target of 9.4 yards. Murray targeted Jordan Addison heavily after Justin Jefferson left the game with an ankle injury, connecting with Addison on a 41-yard score and narrowly missing the speedy downfield wideout for another touchdown. Murray took three sacks and avoided a handful of other sacks against a Tampa front seven missing key players. Murray likely won’t be a 12-team starting play in Week 4 against the Dolphins even if Jefferson suits up.",,,"Sep 27, 2026",
Elic Ayomanor,TEN,Wide Receiver,Elic Ayomanor caught 1-of-3 targets for 11 yards in the Titans’ Week 3 loss to the Giants.,"It goes down as his second one-catch, three-target, 11-yard game of the season. He posted those exact numbers in Week 1, though with a touchdown for good measure. Ayomanor popped for 69 yards in Week 2 but failed to find the big play in this game, cratering his numbers. As the WR3 on one of the worst offenses in football, he is not on the fantasy radar for Week 4.",,,"Sep 27, 2026",
Trey McBride,ARI,Tight End,Trey McBride caught 9-of-11 targets for 75 yards in the Cardinals’ Week 3 loss to the 49ers.,"McBride had a big receiving day, though penalties prevented it from being more productive. His first reception was called back due to offensive pass interference while he drew defensive pass interference in the endzone on a 4th-and-1 play. He continues to be the Cardinals’ most effective target on immediate routes, slashing through the 49ers defense for 75 yards. Not much more nuance is needed here, McBride is a fantasy TE1 for Week 4 against the Giants.",,,"Sep 27, 2026",
Michael Mayer,LV,Tight End,Michael Mayer caught 3-of-3 targets for 32 yards and one touchdown in the Raiders’ Week 3 win over the Saints.,"Mayer scored with just under six minutes left in the first half. Coach Klint Kubiak sent TE Brock Bowers in motion, back and forth across the formation, behind the line of scrimmage, before QB Kirk Cousins executed the play-action fake. Mayer ran an out route from the slot and shook S Justin Reid on the cut before quickly hauling in the pass. Mayer’s other two catches both went for double-digit yardage gains. He will be a viable high-end TE2 moving forward, with defenses focused on stopping Bowers.",,,"Sep 27, 2026",
T.J. Hockenson,MIN,Tight End,T.J. Hockenson caught 2-of-4 targets for 11 yards in the Vikings’ Week 3 win against the Bucs.,"Running a route on 29 of the team’s 37 drop backs, Hockenson was uninvolved in the offense even after Justin Jefferson exited the game with an ankle injury in the first half. Hockenson, who has nine grabs over the Vikings’ first three games, profiles as a low-floor weekly option in a Minnesota offense that has not passed at its usual volume early in the season.",,,"Sep 27, 2026",
Terrance Ferguson,,,Rams TE Terrance Ferguson (ankle) was taken to the locker room for x-rays in the first quarter of Week 3 against the Broncos.,Ferguson got tangled up on a target half way through the first quarter and limped to the sideline under his own power. He was then escorted to the locker room for x-rays. No additional update has been provided.,,,"Sep 27, 2026",
Tyler Allgeier,ARI,Running Back,"Tyler Allgeier rushed two times for a loss of a yard in the Cardinals’ Week 3 loss to the 49ers, adding four receptions for 10 yards.","Allgeier lost nearly all high-value touches to Jeremiyah Love in Week 3, falling far behind the rookie in total opportunities and sinking further in total snaps. He saw 31 snaps to Love’s 55, seeing just six touches to Love’s 26. Allgeier’s most usage came in passing-down situations, catching four passes while pass-blocking was his most prominent role. Allgeier holds little standalone value with Love taking over the backfield; he is a valuable fantasy handcuff for now.",,,"Sep 27, 2026",
Jake Ferguson,DAL,Tight End,Jake Ferguson caught 3-of-5 targets for 23 yards and a touchdown in Week 3’s loss to the Ravens.,"Ferguson continues to make the most of his limited targets. Despite seeing just nine targets in his last two games, the veteran tight end has turned three of those into scores. Ferguson hauled in a 19-yard touchdown catch from Dak Prescott in the third quarter against the Ravens, but was otherwise held to just four yards on his other four targets. The touchdowns are encouraging, but we will need to see more targets before we can elevate Ferguson into TE1 territory. He’ll be a boom-or-bust TE2 next week against the Texans.",,,"Sep 27, 2026",
Jeremiyah Love,ARI,Running Back,"Jeremiyah Love rushed 21 times for 90 yards in the Cardinals’ Week 3 loss to the 49ers, adding five receptions for 19 yards and a touchdown.","Love tallied a career-high 26 touches in Week 3, gashing the 49ers’ banged-up offensive line for over 100 total yards. The rookie out-snapped Tyler Allgeier 55-to-31 while also out-touching him 26-to-6. Nearly all the high-value touches went to Love, who scored on a play-action pass at the one-yard line. The path to true workhorse usage is wide open for Love after a monstrous workload and productive fantasy day against the 49ers. He is a high-end RB2 for Week 4 against the Giants.",,,"Sep 27, 2026",
Kenny Gainwell,TB,Running Back,"Kenny Gainwell had three rushes for -4 yards in the Bucs’ Week 3 loss to the Vikings, adding two catches for 14 yards.","Gainwell was once again inefficient with his limited opportunities. He operated as the team’s lead back, however, when Bucky Irving exited with a lower body injury. If Irving misses any time, Gainwell would profile as a top-24 PPR option, even if he loses touches to Sean Tucker. Tampa’s offense could be without Baker Mayfield (thumb) for a while. That would dampen the prospects of everyone in the offense.",,,"Sep 27, 2026",
Jordan Watkins,SF,Wide Receiver,Jordan Watkins caught both of his targets for 60 yards in the 49ers’ Week 3 win over the Cardinals.,Watkins saw increased opportunity with Mike Evans (rib) exiting in the second quarter. He caught a pair of long targets from Purdy despite KhaDarel Hodge and Jacob Cowing beating the 24-year-old in snaps. Watkins could certainly be on the fantasy radar if Evans misses an extended period of time.,,,"Sep 27, 2026",
Tre Tucker,LV,Wide Receiver,Tre Tucker caught 4-of-4 targets for 43 yards in the Raiders’ Week 3 win over the Saints.,"Tucker had a bigger impact in real life than he did in fantasy. On the plus side, he helped set up a field goal and a touchdown, first by finding the soft spot in the Saints’ zone coverage in the two-minute drill. Later, his 15-yard gain on a deep crossing route helped set up the Raiders. He also committed a holding penalty, which erased a short gain for RB Ashton Jeanty. Tucker is a WR4/FLEX against the Chiefs next week.",,,"Sep 27, 2026",
Deebo Samuel,SF,Wide Receiver,"Deebo Samuel caught zero passes for 80 receiving yards and a touchdown in the 49ers’ Week 3 win over the Cardinals. Yes, you read that correctly.","Samuel’s box score will looks strange to most, but that’s what happens when Kyle Shanahan tries out a hook-and-ladder play in the first quarter. Mike Evans caught a pass from Brock Purdy, lateraling the ball to Samuel, who sprinted 80 yards downfield for the score. Despite Evans (rib) leaving the game early, Samuel technically finishes with zero targets, though he did carry the ball twice for 14 rushing yards. With his final stat-line, he sets the record for most receiving yards without a reception in NFL history. Samuel will benefit if Evans misses time and would be in the high-end WR3 range for Week 4 against the Broncos.",,,"Sep 27, 2026",
Baker Mayfield,TB,Quarterback,Buccaneers coach Todd Bowles said QB Baker Mayfield dislocated his right thumb and will undergo an MRI.,"Mayfield is right-handed, so this injury could be consequential. The Buccaneers’ quarterback slammed his thumb into a Vikings defender this afternoon and remained down for a while after the play. UDFA rookie QB Jalon Daniels is next up on the depth chart and would be the presumptive starter next week against the Packers if Mayfield cannot play.",Adam Schefter,,"Sep 27, 2026",
Bucky Irving,TB,Running Back,"Bucky Irving had 15 rushes for 46 yards in the Bucs’ Week 3 loss to the Vikings, adding two catches for 12 yards.","Irving was on the sideline for much of the fourth quarter with a potential injury, though it was unclear when or how to picked up the ailment. He accounted for 15 of 18 Bucs running back carries on the day, maintaining his role as the clear No. 1 back in the Tampa backfield. He saw four targets while Kenny Gain well caught two of his five targets. Much of Gainwell’s involvement came after the Bucs fell behind the Vikings. Irving would have a sweet matchup in Week 4 against a vulnerable Green Bay defensive line if he can suit up.",,,"Sep 27, 2026",
Malachi Fields,NYG,Wide Receiver,Malachi Fields caught both of his targets for 19 yards in the Giants’ Week 3 win over the Titans.,"Fields hasn’t caught more than two passes in a game this year. He finished third on the team in targets in Week 3. Fields is on the field plenty, he just isn’t earning that many opportunities. He is not a viable fantasy option for Week 4.",,,"Sep 27, 2026",
Ethan Pocic,BAL,Center,Ethan Pocic (knee) exited in the fourth quarter of Week 3’s game against the Cowboys.,"Pocic, who took a helmet to the knee, was already in the game to replace Jovaughn Gwynn, who exited earlier with an ankle injury. Now down both centers, the Ravens have called on rookie Vega Ioane to snap the ball for what is quickly becoming a decimated offensive line.",,,"Sep 27, 2026",
Baker Mayfield,TB,Quarterback,Baker Mayfield exited the Bucs’ Week 3 game against the Vikings with an apparent hand injury.,"Mayfield was down for a while after taking a big hit from two Vikings defenders late in the fourth quarter, and replays showed his thumb slamming against one of the Minnesota players in a way that might suggest a serious thumb injury on his throwing hand. An extended absence for Mayfield could prove disastrous for Tampa’s pass catchers, as undrafted free agent QB Jalon Daniels would be the team’s starter. Mayfield threw for 217 yards, one touchdown, and one interception before his exit. Daniels would be an interesting superflex add considering his rushing ability.",,,"Sep 27, 2026",
Darnell Mooney,NYG,Wide Receiver,Darnell Mooney caught 2-of-3 targets for 26 yards in the Giants’ Week 3 win over the Titans.,Mooney has exactly two catches in each of his first three games as a Giant. He has hit on a few chunk plays in New York but isn’t seeing enough targets to be a weekly fantasy option. He is not on the FLEX radar for Week 4.,,,"Sep 27, 2026",
Jack Bech,LV,Wide Receiver,Raiders ruled out Jack Bech in Week 3 against the Saints with a forearm injury.,"Bech reportedly fractured his forearm against the Saints. Bech earned an end zone target on the Raiders’ fourth drive. The pass was overthrown and ruled incomplete, but Bech was hit by a defender late, resulting in a personal foul. The Raiders accepted it, erasing Bech’s target from the box score along the way. He finished the game with zero statistics and will likely miss a few weeks due to injury.",Ian Rapoport,,"Sep 27, 2026",
Puka Nacua,,,Rams WR Puka Nacua (groin) is inactive for Week 3 against the Broncos.,"Nacua came into the weekend listed as doubtful but was seen working out before the game to see if he would be able to go. He’ll ultimately be held out for the second consecutive game as the Rams look to improve to 2-1. Davante Adams vaults into the top-tier WR1 range in Nacua’s absence. Also inactive for the Rams are DB Kam Kinchens, WR CJ Daniels, WR Tutu Atwell, QB Ty Simpson, S Maximus Pulley, and OL Bill Murray",,,"Sep 27, 2026",
Greg Dulcich,MIA,Tight End,Greg Dulcich caught 5-of-7 targets for 55 yards in the Dolphins’ Week 3 loss to the Chiefs.,"Held under 20 yards in each of the Dolphins’ first two games, Dulcich finally had something of a pop-up effort as the ‘Fins tried in vain to match points with the Chiefs. It was nice to get some proof of TE2 concept, but it is going to be exceptionally difficult for Dulcich to carve out streamer value in a low-volume passing attack focused on seeing what it has in its intriguing rookie receivers.",,,"Sep 27, 2026",
Isaiah Likely,NYG,Tight End,Isaiah Likely caught 2-of-5 targets for 13 yards in the Giants’ Week 3 win over the Titans.,"Likely’s yardage total came back to Earth last week with just 33 despite seeing 10 targets. It fell further today, as did the target total. On the plus side, he finished second on the team in receiving opportunities and finished with a 23 percent target share. Likely remains the team’s de facto No. 2 receiver behind Malik Nabers. That simply wasn’t worth much in terms of fantasy points today. He remains a solid TE1 bet for Week 4 against the Cardinals.",,,"Sep 27, 2026",
Marvin Mims,DEN,Wide Receiver,"Broncos declared WR Marvin Mims, WR Lil’Jordan Humphrey, QB Sam Ehlinger, OL Kage Casey, TE Dallen Bentley, DL Sai’vion Jones, and DT Tyler Onyedim inactive for Week 3 against the Rams.",Mims will be inactive for the second consecutive week while Humphrey’s presence is not required with the four receivers ahead of his on the depth chart active. Defensive lineman Sai’Vion Jones will have to wait to at least Week 4 to return.,,,"Sep 27, 2026",
Malik Washington,MIA,Wide Receiver,"Malik Washington caught 5-of-10 targets for 56 yards in the Dolphins’ Week 3 loss to the Chiefs, adding two carries for five yards.","Every total was a new season high for Washington, including the carries. It briefly appeared Washington might be the Dolphins’ emergency lead back, as De’Von Achane was knocked out with a knee injury and Ollie Gordon was cramping. With Achane seemingly set for a long absence, Washington could indeed be in line for more rushing usage. That makes him a slightly more viable WR4, but rookies Chris Bell and Caleb Douglas still offer more overall upside heading into Week 4 against the Vikings. That’s, of course, if Douglas returns from his ankle injury.",,,"Sep 27, 2026",
Emmett Johnson,KC,Running Back,Emmett Johnson rushed six times for 17 yards in the Chiefs’ Week 3 win over the Dolphins.,"Johnson was not targeted in the passing game. His six carries were nothing to sneeze at on an afternoon where the Chiefs were limited to 49 total plays, but that was compared to 20 Kenneth Walker touches. Johnson will have some pop-up standalone value behind workhorse Walker, but he is primarily a contingency option heading into the meat of the fantasy campaign.",,,"Sep 27, 2026",
DK Metcalf,PIT,Wide Receiver,DK Metcalf caught 3-of-5 targets for 31 yards and a touchdown in the Steelers’ Week 3 win over the Bengals.,"Metcalf has yet to crack 40 yards in a game this season, but he did manage to find the end zone for a six-yard touchdown late in the third quarter. The big plays have not been there for Metcalf thus far, who has a long catch of 16 yards. Metcalf will be on the WR3/WR4 radar for next week’s game against the Browns.",,,"Sep 27, 2026",
AJ Dillon,CAR,Running Back,AJ Dillon rushed four times for 16 yards in the Panthers’ Week 3 loss to the Browns.,"With Jonathon Brooks joining Trevor Etienne on injured reserve, Dillon was indeed the Panthers’ No. 2 back behind Chuba Hubbard. Good for him, though Pro Football Focus charted him with zero first half snaps. Were Hubbard to ever go down with injury, Dillion would form some sort of committee with a practice squad elevation or free agent addition.",,,"Sep 27, 2026",
Trent Williams,SF,Tackle,Trent Williams (stinger) is questionable to return Week 3 against the Cardinals.,"Williams left in the third quarter, taking the cart to the 49ers locker room. The veteran left tackle was officially diagnosed with a stinger and is questionable to return. Vederian Lowe is in at left tackle with Williams out.",,,"Sep 27, 2026",
Darren Waller,CAR,Tight End,Darren Waller caught 5-of-8 targets for 51 yards in the Panthers’ Week 3 loss to the Browns.,"With Xavier Legette (knee) sidelined and Jalen Coker (quad) joining him, Panthers tight ends Waller, Tommy Tremble and Mitchell Evans combined for 11/128. It was Waller’s most prolific receiving day of the season even though he didn’t find the end zone. Waller is undoubtedly providing valuable real-life reps for the Cats, but with 10 total receptions through three contests, he is looking like too much of a role player to rise above TE2 streamer status heading into Week 4 against the Lions.",,,"Sep 27, 2026",
John Metchie,CAR,Wide Receiver,John Metchie caught 2-of-5 targets for 19 yards and a touchdown in the Panthers’ Week 3 loss to the Browns.,"With a questionable Xavier Legette sidelined with a knee injury and Jalen Coker departing early with a quad issue, Metchie was forced into three-receiver sets alongside Tetairoa McMillan and “Brycen Tremayne.” His touchdown was an eight-yarder late where he found the soft spot in the end zone. The Panthers are undoubtedly happy Metchie stepped up, but with Legette likely to return for Week 4, Metchie isn’t worth a waivers look even if Coker is forced to miss time.",,,"Sep 27, 2026",
Jameis Winston,NYG,Quarterback,Jameis Winston complted,"The Giants rotated between punts and field goals in almost perfect succession throughout this contest. They leaned on their ground game with 33 carries compared to 22 pass attempts, so there wasn’t all that much for Winston to do. He took care of the ball with zero turnovers but had just one completion of more than 13 yards, a scramble drill toss to Cam Skattebo for 30. He will have to throw more often and more aggressively versus the Cardinals next week, but the Giants clearly don’t want him playing his normal, gunslinger brand of football. He will barely crack the QB2 ranks for Week 4.",,,"Sep 27, 2026",
Tetairoa McMillan,CAR,Wide Receiver,Tetairoa McMillan caught 2-of-5 targets for 17 yards in the Panthers’ Week 3 loss to the Browns.,"By far McMillan’s quietest outing of the young season came with Jalen Coker departing midway through with a quad injury. No. 3 Xavier Legette didn’t even suit up as he battled a knee issue. That allowed the Browns’ defense to key in on T-Mac, and key they did. Fill-in No. 2 Brycen Tremayne took advantage with four receptions for a team-leading 83 yards. Heinous stuff for McMillan managers, but he has an immediate Week 4 bounce-back spot in the defense-less Lions.",,,"Sep 27, 2026",
Brenton Strange,,,Brenton Strange caught 3-of-5 targets for 32 yards in the Jaguars’ Week 3 win against the Patriots.,"Parker Washington and Jakobi Meyers dominated looks from Trevor Lawrence on a low-volume day for the Jacksonville offense. Strange played his usual role as a check down option for Lawrence, rumbling for yards after the catch on two of his three grabs. Strange, with seven catches on the year, could be a streaming play in Week 4 against the Bengals if the game turns into a shootout.",,,"Sep 27, 2026",
Najee Harris,NYG,Running Back,Najee Harri rushed nine times for 52 yards in the Giants’ Week 3 win over the Titans.,"Devin Singletary was inactive this week and Tyrone Tracy only touched the ball once, leaving nearly all of the backup running back touches to Harris. He gashed the Titans for 5.2 yards per carry but wasn’t involved in the receiving game, limiting his fantasy value. Harris is the clear backup to Cam Skattebo, but he won’t see enough touches to be worth a FLEX spot when the Giants take on the Cardinals next week.",,,"Sep 27, 2026",
Justin Jefferson,MIN,Wide Receiver,Vikings ruled out Justin Jefferson (ankle) in Week 3 against the Bucs.,Jefferson picked up the ankle injury in the second quarter. He limped to the locker room shortly before halftime and was officially ruled out midway through the third quarter. Hopefully for the Vikings it’s not a long-term issue for the centerpiece of their offense. Jordan Addison would be the de facto No. 1 wideout if Jefferson misses time with the ankle injury. He caught a long touchdown from Kyler Murray against Tampa shortly after Jefferson left the game.,Ben Goessling,,"Sep 27, 2026",
KC Concepcion,KC,Concepcion caught 2-of-9 targets for nine yards in the Browns’ Week 3 win over the Panthers.,KC Concepcion caught 2-of-9 targets for nine yards in the Browns’ Week 3 win over the Panthers.,"Well that’s not going to cut it. As ESPN’s Mike Clay points out, rookie first-rounder Concepcion is up to 20 targets over three appearances but has just 80 yards to show for it. He is not being put in position to make explosive plays, and he is very much not doing so. With a yards per catch more befitting of a sluggish running back (6.6), Concepcion is best left outside the WR4 ranks ahead of a tough Week 4 date with the Steelers.",,,"Sep 27, 2026",
Denzel Boston,CLE,Wide Receiver,Denzel Boston caught 2-of-4 targets for 41 yards in the Browns’ Week 3 win over the Panthers.,"Boston’s 41 yards were his fewest in three games as a pro, though he has now contributed at least one 20-yard catch all three times out. On the rare occasions Deshaun Watson actually throws down-field, he’s looking only for Boston. That will lead to some spiked weeks, but Boston’s floor is too low to rank him inside the top 36 on a regular basis, including Thursday’s short-week home date with the Steelers.",,,"Sep 27, 2026",
Stefon Diggs,WAS,Wide Receiver,Stefon Diggs caught 4-of-7 targets for 33 yards in the Commanders’ Week 3 win over the Seahawks.,"Diggs didn’t catch any passes in the first half on his three targets, but “bounced back” in the final two quarters to turn a disaster of a game into a middling one. The wideout was able to score two touchdowns in Week 2 against Dallas, but was closer to non-factor than threat against a tougher Seattle defense. He’ll look to rebound and find the end zone again as the second option behind Terry McLaurin against the Colts in London in Week 4.",,Christopher Crawford,"Sep 27, 2026",
Quinshon Judkins,CLE,Running Back,"Quinshon Judkins rushed 18 times for 70 yards in the Browns’ Week 3 win over the Panthers, adding two receptions for nine yards.","Both Judkins’ carries and yards were new season highs, though so was his 3.9 yards per carry. That tells you all you need to know about his explosive-play odds in this low-ceiling attack. Judkins at least remains unchallenged for touches. Judkins’ usage gives him a low-end RB2 floor, but the same seems true of his ceiling. The Steelers are not a good Week 4 matchup for the Dawg Pound.",,,"Sep 27, 2026",
Cam Skattebo,NYG,Running Back,"Cam Skattebo rushed 20 times for 60 yards in the Giants’ Week 3 win over the Titans, adding three catches for 40 yards.","With the Titans struggling to amass more than a handful of first downs, John Harbaugh was more than happy to grind out three yards per carry with his lead back for the better part of four quarters. Skattebo’s only explosive play came on a downfield shot from Jameis Winston. Skattebo got open deep while Winston fled the pocket and the two connected for a 30-yard gain. That alone was enough to make Skattebo the team’s leading receiver. Skattebo’s strong workload will keep him in the RB2 ranks for Week 4 against the Cardinals, even though the offensive environment has taken a massive hit with Jaxson Dart out for the regular season.",,,"Sep 27, 2026",
Hunter Henry,NE,Tight End,Hunter Henry caught 1-of-2 targets for five yards in the Patriots’ Week 3 loss to the Jaguars.,"With Eli Raridon sidelined, Henry still wasn’t part of the Patriots’ passing attack. Drake Maye threw one of his two picks on an end zone target to Henry. With seven catches through three games, Henry should remain on waiver wires ahead of the team’s Week 4 game against Buffalo.",,,"Sep 27, 2026",
Mike Evans,SF,Wide Receiver,Mike Evans caught 3-of-6 targets for 34 yards and a touchdown in the 49ers’ Week 3 game against the Cardinals before exiting with a rib injury.,"Evans exited in the second quarter of the 49ers’ Week 3 game against the Cardinals after taking a hard hit to the torso. The veteran entered the day questionable with a hip injury but played and had a productive day before leaving. Evans caught three passes for 34 yards and a touchdown at the time of his departure, pitching one of his catches to Deebo Samuel for a hook-and-ladder touchdown. The team ruled Evans out after halftime with a rib injury.",,,"Sep 27, 2026",
Xavier Worthy,KC,Wide Receiver,Xavier Worthy caught 2-of-2 targets for 20 yards in the Chiefs’ Week 3 win over the Dolphins.,"Worthy was also shaken up by a big hit but was never announced with an injury. Patrick Mahomes attempted only 24 passes this afternoon, but that’s still a disappointing target total for the third-year pro. 23-year-old Worthy is now sitting on just 10 catches for 63 yards through the Chiefs’ first three games. Even with this offense showing major year-over-year improvement, it’s getting harder to keep the WR4 faith with Worthy. The Raiders are a plus Week 4 matchup in Vegas.",,,"Sep 27, 2026",
Isaiah Williams,NYJ,Wide Receiver,Isaiah Williams caught 1-of-2 targets for 21 yards in the Jets’ Week 3 loss to the Lions.,Williams was technically the team’s No. 2 receiver today because of the absence of Adonai Mitchell. The role amounted to almost no presence in the box score as Geno Smith simply peppered his tight ends with the targets left behind by Mitchell. Williams is not on the fantasy radar for Week 4 despite the uptick in snaps.,,,"Sep 27, 2026",
Travis Kelce,KC,Tight End,Travis Kelce caught 2-of-2 targets for 59 yards and a touchdown in the Chiefs’ Week 3 win over the Dolphins.,"Both Kelce’s catches and targets were his fewest of the young season, though he made them count on an afternoon where Patrick Mahomes dropped back only 25 times. Kelce notched a 48-yard catch-and-run on the first offensive play of the game, then finished off the Chiefs’ last real drive with an 11-yard touchdown grab in the back of the end zone. Why he went so long between looks can be a question for another day. Sitting on 231 yards receiving through the Chiefs’ first three contests, Kelce will remain a strong TE1 for Week 4 in Vegas.",,,"Sep 27, 2026",
DeMario Douglas,NE,Wide Receiver,DeMario Douglas caught 1-of-5 targets for 38 yards in the Patriots’ Week 3 loss to the Jaguars.,"Douglas was second on the team in targets behind only Mack Hollins, who saw nine looks from Drake Maye. Douglas got open and made a nice grab for his 38-yard gain — one of the only big plays for the struggling New England offense on Sunday. Though Douglas is playing a decent snap share, he should remain on waivers in most formats ahead of the Patriots’ Week 4 game against Buffalo.",,,"Sep 27, 2026",
Jeremy Ruckert,NYJ,Tight End,Jeremy Ruckert caught all five of his targets for 39 yards and a touchdown in the Jets’ Week 3 loss to the Lions.,"Kenyon Sadiq was the primary beneficiary of Mason Taylor’s absence with a 7/105/1 receiving line, but Ruckert was also part of Frank Reich’s plan to replace Taylor’s snaps. He posted career highs in catches and yards while scoring his second touchdown since entering the NFL in 2022. Ruckert isn’t on the fantasy radar for Week 4, but he’ll be a solid role player for the Jets if Taylor remains sidelined.",,,"Sep 27, 2026",
Braelon Allen,NYJ,Running Back,"Braelon Allen rushed four times for 14 yards in the Jets’ Week 3 loss to the Lions, adding three catches for three yards.","Breece Hall suffered a thigh injury late in this game and did not return, leaving Allen as the lead back for the Jets’ final two drives. He touched the ball six times on the pair of drives. Fellow backup Isaiah Davis saw one touch in the entire game and it was before the Hall injury. His role would likely grow if Hall misses time, but Allen is the clear target in his backfield on waivers. Allen would push for an RB2 ranking if Hall is sidelined for Week 4 against the Bears.",,,"Sep 27, 2026",
Chris Rodriguez,,,Chris Rodriguez had eight rushes for 37 yards and a touchdown in the Jaguars’ Week 3 win against the Patriots.,"Rodriguez remained the second option in the Jaguars backfield behind Bhayshul Tuten, but stole a short score from Tuten in the blowout victory. Through three games Rodriguez has been a between the tackles option who has next to no involvement in the passing game. He would only be fantasy viable if Tuten misses time this season. For now C-Rod is a decent stash as a contingency option.",,,"Sep 27, 2026",
Ollie Gordon,MIA,Running Back,"Ollie Gordon rushed 17 times for 41 yards and a touchdown in the Dolphins’ Week 3 loss to the Chiefs, adding three receptions for 14 yards.","Gordon entered this afternoon with only three touches all season, but was pressed into every-down duty after De’Von Achane suffered a potentially serious knee injury on the game’s opening series. Fellow backup Jaylen Wright was inactive with a foot issue. Gordon mostly held up well, though he himself briefly went into the locker room with cramping issues. He returned after getting an IV. With Achane evidently staring at a long absence, Gordon is a priority waivers add, though he and Wright will undoubtedly form a committee for this undermanned offense. The question is who gets the strong side. It wouldn’t be surprising if Wright assumed primary early-down status with Gordon changing the pace. That would require Wright being healthy, of course. We will keep you updated.",,,"Sep 27, 2026",
Chris Bell,MIA,Wide Receiver,Chris Bell caught 4-of-7 targets for 67 yards in the Dolphins’ Week 3 loss to the Chiefs.,"With Caleb Douglas sidelined with an ankle issue, talented third-rounder Bell finally broke out after totaling just one catch for 25 yards through the Dolphins’ first two contests. The No. 94 overall pick looked big and explosive with the ball in his hands, and could have had a much bigger day had Malik Willis been able to find him on what might have been a pair of long touchdowns. Bell’s box scores figure to remain inconsistent going forward — Willis is a dual-threat quarterback with a bevy of young, unproven wideouts — but he is certainly worth taking a flier on if currently un-rostered in your 12- team league. Bell’s pre-draft profile as a size/speed menace who only fell because of his torn ACL looked 100 percent accurate against the Chiefs.",,,"Sep 27, 2026",
Sam LaPorta,DET,Tight End,Sam LaPorta caught 3-of-4 targets for 44 yards in the Lions’ Week 3 win over the Jets.,"LaPorta was a secondary piece of the passing attack in this game, taking a backseat to Jhamyr Gibbs and Amon-Ra St. Brown. The two superstars combined for 16 targets while LaPorta and Jameson Williams were held to a combined eight looks. LaPorta has at least 44 yards in every game this year but no more than 52. With a solid floor established, all that’s left is for LaPorta to hit on a ceiling game. He remains a mid-range TE1 for Week 4 against the Panthers.",,,"Sep 27, 2026",
Jalen Thompson,DAL,Safety,Cowboys S Jalen Thompson (hamstring) is questionable to return in Week 3 against the Ravens.,"Thompson left the field after getting caught up in a scrum that initially looked like a potential head/neck injury. It was later reported as a hamstring injury, with sideline reporter Tracy Wolfson saying the 28-year-old safety was struggling to make his way to the locker room. It sounds like Thompson could face an uphill battle to return to the field in this one. The Cowboys’ defense continues to be dealt one injury after another. Markquese Bell is next in line to replace Thompson.",,,"Sep 27, 2026",
Mike Evans,SF,Wide Receiver,49ers WR Mike Evans was carted off in the second quarter of Week 3 against the Cardinals with an apparent torso injury.,"Evans took a major hit in the second quarter against the Cardinals, with Budda Baker jarring the veteran receiver in his torso. Trainers came out and took Evans off the field; he was seemingly struggling to breathe as he headed to the sideline. It is unclear yet what the injury is, but Evans was carted to the locker room shortly after. He had caught 3-of-6 targets for 34 yards and a touchdown at the time of his departure, with one of his catches leading to a pitch to Deebo Samuel on a hook-and-ladder touchdown.",,,"Sep 27, 2026",
Jared Goff,DET,Quarterback,"Jared Goff completed 25-of-32 passes for 269 yards and two touchdowns in the Lions’ 31-24, Week 3 win over the Jets.","Goff and the Lions got off to a slow start with just three points over their first three drives. Things started to click before halftime and Goff rode that momentum to 21 points after the break. Excluding a few kneel-downs to end the game, Detroit scored on five of their final six drives. The Lions have scored exactly 31 points in all three of their games this year. That may be a bit higher than their projection for Week 4 against the Panthers, but not by all that much. Goff will remain in the QB1 mix versus Carolina next week.",,,"Sep 27, 2026",
Mark Andrews,BAL,Tight End,Mark Andrews (hand) is questionable to return in Week 3 against the Cowboys.,"We’re not quite sure what happened here, but Andrews was not on the field for the Ravens’ fifth drive of the game, with the team announcing soon after that he would be questionable to return. The veteran tight end caught 1-of-3 targets for nine yards before exiting.",Jonas Shaffer,,"Sep 27, 2026",
Rashee Rice,KC,Wide Receiver,Rashee Rice caught 7-of-9 targets for 88 yards in the Chiefs’ Week 3 win over the Dolphins.,"Rice’s seven receptions were easily a new season best, though he’s now cleared 80 yards in back-to-back contests. Rice’s nine targets were no joke on a day where Patrick Mahomes was limited to 24 attempts as the Chiefs ran just 49 plays. Rice was also the intended target on Mahomes’ “interception,” which in reality was a ball Rice batted into the air. Not good, but neither was the pass. It was behind the wideout, who was laying on the ground. We doubt Mahomes holds it against him. Rice will remain a solid WR2 for Week 4 in Vegas.",,,"Sep 27, 2026",
Parker Washington,,,Parker Washington caught 3-of-5 targets for 40 yards and a touchdown in the Jaguars’ Week 3 win against the Patriots.,"It’s Washington’s second touchdown in the Jags’ first three games of the season. Washington caught his touchdown against the Patriots after having an acrobatic touchdown grab called back on a penalty. Having established himself as the team’s clear-cut WR1 — well ahead of Brian Thomas, who had one target in Week 3 — Washington will have a rock solid weekly floor with ceiling to spare in shootout game scripts. Washington should remain in all lineups next week against a middling Bengals defense, in what could be a high-scoring affair between two potent offenses.",,,"Sep 27, 2026",
Oronde Gadsden II,LAC,Tight End,Oronde Gadsden didn’t catch any of his three targets in a Week 3 loss to the Bills.,"Gadsden’s first target of the day was on a third-down pass that hit off his hands and landed on the grass. Neither of his other two targets was particularly close to being caught. He did play on 39 of the team’s 69 snaps, more than any other tight end, and ran a route on 31 of their 43 dropbacks, which was the third-most of any player on the Chargers. I guess you can talk yourself into his role based on those numbers, but the results weren’t there, and the Chargers look discombobulated on offense. It’s hard to trust Gadsden in fantasy going forward.",,,"Sep 27, 2026",
Kenneth Walker,KC,Running Back,"Kenneth Walker rushed 18 times for 70 yards and a touchdown in the Chiefs’ Week 3 win over the Dolphins, adding two receptions for three yards and a second score.","The two-touchdown outing was Walker’s second in three games as a Chief after he had only one such effort for the Seahawks last season. His 20 touches were a rather remarkable total seeing as the Chiefs were limited to 49 plays with the Dolphins attempting to play keep away. He was not efficient, but Patrick Mahomes was. That’s the new reality for defenses facing the Chiefs, as this is no longer a stop Mahomes at all costs team. You now have to pick your poison, which is going to lead to many more blow-up efforts for KWIII. Perhaps that will include Week 4 in Vegas against the Raiders.",,,"Sep 27, 2026",
Rhamondre Stevenson,NE,Running Back,"Rhamondre Stevenson had seven rushes for 22 yards in the Patriots’ Week 3 loss to the Jaguars, adding three catches for 16 yards.","TreVeyon Henderson, meanwhile, had eight rushes for a meager 23 yards in the blowout loss to Jacksonville. Stevenson ran most of the pass routes out of the backfield and saw more targets than Henderson, as usual. It didn’t lead to much. Stevenson next week against the Bills will be a touchdown dependent RB3 option who should be kept on the bench in most fantasy formats.",,,"Sep 27, 2026",
Isaac TeSlaa,DET,Wide Receiver,Isaac TeSlaa caught all three of his targets for 66 yards in the Lions’ Week 3 win over the Jets.,"TeSlaa led the Lions in receiving on the back of a 49-yard grab late in the game. He was otherwise an afterthought in the offense, finishing the game with a nine percent target share. TeSlaa is averaging three targets per game, which simply isn’t enough to get him into the FLEX mix. He is buried in the WR6/7 range headed into Week 4.",,,"Sep 27, 2026",
Tre' Harris,LAC,Wide Receiver,Tre’ Harris caught 6-of-7 targets for 76 yards receiving in a Week 3 loss to the Bills.,"This is the second game in a row that Harris has led the Chargers in receiving, but this was not simply because of one catch, like last week. Harris looked good in this one, making a few nice hands catches and showing some ability to gain yards after the catch. He only ran a route on 27 of the team’s 43 dropbacks, but with the team now 0-3, it wouldn’t be a surprise to see the Chargers try to get Harris involved more next week against the Seahawks. Even if he doesn’t produce in a tough matchup, he’s worth a bench stash in most league types.",,,"Sep 27, 2026",
Quentin Johnston,LAC,Wide Receiver,Quentin Johnston caught 3-of-6 targets for 40 yards in a Week 3 loss to the Bills.,"Johnston also had a really bad drop on a 3rd-and-10 pass in the fourth quarter with the Chargers trailing. The ball hit him directly in the hands about three yards past the sticks, and he dropped it. Still, Johnston played on 60 of the team’s 69 snaps and ran a route on 37 of their 43 dropbacks, so he remains the clear second receiver by playing time. After Week 3, it wouldn’t be a surprise to see Tre Harris start to cut into Johnston’s workload.",,,"Sep 27, 2026",
DeeJay Dallas,MIN,Running Back,DeeJay Dallas (toe) is active for Week 3 against the Bucs.,"Dallas was the only Minnesota running back besides Aaron Jones to see a backfield touch last week with Jordan Mason sidelined with injury. Dallas wouldn’t hold fantasy value unless Jones gets dinged up. Vikings declared T Caleb Tiernan, DT Elijah Williams, CB Zemaiah Vaughn, S Jakobe Thomas, S Tavierre Thomas, and P Brett Thorson inactive against the Bucs.",Tanner Weber,,"Sep 27, 2026",
Breece Hall,NYJ,Running Back,Breece Hall suffered a thigh injury in Week 3 against the Lions and will not return.,"Hall was thrown to the ground on a red zone carry early in the fourth quarter and immediately grabbed at his thigh. He was slow to get up and left for the medical tent. The team ruled Hall out rather quickly, possibly signaling that the injury is serious. Braelon Allen will see the bulk of the touches for the remainder of the game.",,,"Sep 27, 2026",
Rueben Bain,TB,Outside Linebacker,"Bucs declared OLB Rueben Bain, LB Josiah Trotter, DL Rakeem Nunez-Roches, CB Ayden Garnes, G Luke Haggard, and G Billy Schrauth inactive for Week 3 against the Vikings.","Both Bain and Trotter being out for the Bucs makes this matchup significantly easier for Kyler Murray and the Vikings offense. Tampa’s offense has struggled against the run too, meaning Aaron Jones should be in a good spot as the Vikings’ workhorse back with Jordan Mason sidelined.",Greg Auman,,"Sep 27, 2026",
Christian Benford,BUF,Cornerback,Bills CB Christian Benford (toe) is questionable to return for Week 3 against the Chargers.,"Benford was in coverage away from the ball when he planted to run forward and came up hobbling. He went down and then later gingerly walked off the field with trainers. Considering Benford previously missed games with a toe injury last season, this is something to monitor in the coming weeks. Davison Igbinosun will come in to take Benford’s place.",Buffalo Bills,,"Sep 27, 2026",
Dylan Parham,NYJ,Guard,Dylan Parham suffered a knee injury in the Jets’ Week 3 game against the Lions and will not return.,"Parham signed a two-year deal with the Jets in the offseason. Jordan Meredith has taken his spot at left guard. Needing a flurry of points to get back in this game, things are looking bleak for Gang Green.",,,"Sep 27, 2026",
Treydan Stukes,LV,Safety,"Raiders declared S Treydan Stukes, QB Aidan O’Connell, CB Darrell Luter Jr., S Dalton Johnson, OG Bryce Cabeldue and DT JJ Pegues inactive for Week 3 against the Saints.","The Raiders will be without Stukes, their starting free safety, and Johnson, their backup strong safety, against the Saints. Keeping Saints WR Chris Olave and TE Juwan Johnson in check could be challenging.",Ryan McFadden,,"Sep 27, 2026",
Barion Brown,NO,Wide Receiver,"Saints declared WR Barion Brown, QB Zach Wilson, CB Martin Emerson Jr., DL Christen Miller, TE Treyton Welch, DT John Ridgeway and EDGE Tyree Wilson inactive for Week 3 against the Saints.","The Saints will be without their gadget player and return specialist, teeing up WR Bryce Lance for the full-time No. 3 wide receiver role. Brown is not relevant in 12-team leagues, though he may be missed by the Saints. Emerson, the Saints’ No. 3 cornerback, is sidelined by a shoulder injury.",New Orleans Saints,,"Sep 27, 2026",
Jalen Coker,CAR,Wide Receiver,Jalen Coker suffered a quad injury in Carolina’s Week 3 game against the Browns and will not return.,"Coker was initially deemed “questionable” but then quickly ruled out. That’s never a good sign. Coker entered the proceedings battling an ankle issue, so this is a new injury. He departed midway through the third quarter. With Bryce Young playing through something, it’s been an extremely subdued day for the Panthers’ passing attack against a feisty Browns defense. Coker had just two catches for 18 yards on four targets before departing.",,,"Sep 27, 2026",
Leo Chenal,WAS,Linebacker,Leo Chanel was carted off in the first half against the Seahawks in Week 3 with a neck injury.,"Chanel was able to wave to the crowd as he exited, but obviously this is an injury that has potential long-term ramifications. He’ll likely be unavailable to go in Week 4 against the Colts in London.",,Christopher Crawford,"Sep 27, 2026",
Brock Bowers,LV,Tight End,Raiders TE Brock Bowers (knee) is active for Week 3 against the Saints.,"Bowers makes his debut in coach Klint Kubiak’s offense against the Saints today. The two-time Pro Bowl player should be started as a high-end TE1, although it might take a game or two for Bowers to get back into form. That said, it might not. He is an exceptionally talented player who should immediately function as his team’s top target earner.",Ian Rapoport,,"Sep 27, 2026",
Mike Evans,SF,Wide Receiver,49ers WR Mike Evans (hip) active for Week 3 against the Cardinals.,"Evans entered the weekend questionable for Week 3 after missing two practices and getting in one limited practice during the week. The veteran tends to rest minor injuries before playing in games, indicating his hip issue should not have a major impact on his output against the Cardinals. The 49ers declared QB Kurtis Rourke, DE Nick Bosa (calf), DL James Thompson (ankle), DE Romello Height (hand), LB Tatum Bethune, CB Ephesians Prysock, and OT Enrique Cruz Jr. inactive for Week 3 against the Cardinals.",,,"Sep 27, 2026",
Zay Flowers,BAL,Wide Receiver,Zay Flowers (hamstring) will play in Week 3 against the Cowboys.,"According to NFL Network’s Mike Garafolo, Flowers is only expected to be on the field for “about 20-30 plays.” Given this piece of news, fantasy managers looking to play Flowers shouldn’t view him as anything more than a WR3/WR4 in what could be a low-volume day for the Ravens’ WR1. While Flowers is active, the Ravens have declared WR Elijah Sarratt, FS K’Von Wallace, LB Carl Jones, LT Ronnie Stanley, DT Aeneas Peebles, and QB Fagnano inactive for Week 3.",Adam Schefter,,"Sep 27, 2026",
De'Von Achane,MIA,Running Back,De’Von Achane (knee) has been ruled out for the remainder of the Dolphins’ Week 3 game against the Chiefs.,"Deemed questionable in the first quarter, Achane was officially ruled out to begin the second half. Obviously terrible news, though Achane did remain on the sideline in uniform, albeit sans his shoulder pads. Still, a player dealing with a long-term injury would typically remain in the locker room. Perhaps there is hope for Achane to suit up in Week 4 against the Vikings. But for now, fantasy managers need to consider second-year pro Ollie Gordon a must add. Jaylen Wright could also end up in the mix, but he’s inactive for Week 3 with a foot issue.",,,"Sep 27, 2026",
Carson Beck,ARI,Quarterback,"Cardinals declared QB Carson Beck, S Dadrion Taylor-Demerson, OL Josh Fryar, DL Andrew Billings, and WR Reggie Virgil inactive for Week 3 against the 49ers.",Beck continues to be the Cardinals’ third quarterback and will be a gameday inactive for Week 3 behind Jacoby Brissett and Gardner Minshew. Dadrion “Rabbit” Taylor-Demerson (back) is the main injury inactive against the 49ers.,,,"Sep 27, 2026",
Leo Chenal,WAS,Linebacker,Leo Chanel was carted off the field during Week 3’s game against the Seahawks.,"Chanel was unable to continue after taking hit on a run play, and while he was being stabilized, he was able to wave to the crowd upon his exit. There should be an update on the severity of the injury before the end of Sunday’s game.",Chris Russell,Christopher Crawford,"Sep 27, 2026",
Mike Jackson,CAR,Cornerback,Panthers CB Mike Jackson suffered a groin injury in Carolina’s Week 3 game against the Browns and will not return.,"Jackson was injured on a first quarter play where he was called for pass interference. He’s an every-snap player for the Panthers’ defense, so this will require dipping into the team’s depth.",Mike Kaye,,"Sep 27, 2026",
Laiatu Latu,IND,Defensive End,Colts EDGE Laiatu Latu (chest) left Indianapolis’ Week 3 game against the Texans and is questionable to return.,"Latu tried to return briefly after suffering the injury, but went into the locker room. It seems unlikely he’ll return. A pectoral injury is probably the main concern at this point.",,,"Sep 27, 2026",
De'Von Achane,MIA,Running Back,De’Von Achane was forced from the Dolphins’ Week 3 game against the Chiefs with a knee injury and is questionable to return.,"Achane planted awkwardly after a first series catch-and-run. He remained down on the field for an eternity before walking extremely slowly to the sideline. He then headed to the blue tent before slowly making his way to the locker room. Achane seemed to be trying to “walk it off,” but he also seemed to not be succeeding. He did not have the looks of a player likely to return, but he wasn’t really limping and did not require the assistance of a cart. Ollie Gordon is the only other Dolphins back dressed for Week 3. Stay tuned.",,,"Sep 27, 2026",
Spencer Shrader,IND,Kicker,Colts K Spencer Shrader (groin) left Indianapolis’ Week 3 game against the Texans and is questionable to return.,Shrader (groin) left Indianapolis’ Week 3 game against the Texans and is questionable to return.,,,"Sep 27, 2026",
Tyson Bagent,CHI,Quarterback,FOX’s Jay Glazer reports Tyson Bagent cleared concussion protocol but Case Keenum will start Monday against the Eagles.,"He said this on FOX’s pre-game show. Per Glazer, they couldn’t make Bagent the starter because he wasn’t involved in enough of the game planning, but with Caleb Williams now due to miss 3-4 weeks, Bagent could easily start Week 4’s game against the Jets. It’s also possible Bagent makes a relief appearance in Week 3 if Keenum looks rough. Bagent likely should be added in any superflex leagues where his concussion left him on the waiver wire.",,,"Sep 27, 2026",
Keon Coleman,BUF,Wide Receiver,Keon Coleman (ankle) is active for Week 3 against the Chargers.,"Coleman was iffy headed into the weekend with an ankle injury he sustained last week against the Lions. Last week Coleman caught all six of his targets for 63 yards with DJ Moore sidelined with a shoulder issue. Moore is active for Week 3, meaning Coleman should remain on fantasy benches for now.",Katherine Fitzgerald,,"Sep 27, 2026",
Elijah Molden,LAC,Defensive Back,"Chargers declared S Elijah Molden, QB DJ Uiagalelei, OL Alex Harkey, G Kayode Awosika, TE Charlie Kolar, WR Brenen Thompson, and DT Dalvin Tomlinson inactive for Week 3 against the Bills.","This is not an ideal injury report for the Chargers. Molden is the team’s starting free safety, but he’s currently out with a hamstring injury, while Dalvin Tomlinson, their starting defensive tackle, is also out with a hamstring injury. That’s good news for Josh Allen, James Cook, and the Bills offense. On the offensive side of the ball, Charlie Kolar, their starting tight end, has a forearm injury, and starting left guard Kayode Awosika has a fibula injury. Pair that with starting linemen Trey Pipkins III and Tyler Biadasz already being on the injured list, and their Chargers offensive line is going to be short-handed against a Bills defense that welcomed back Ed Oliver on Sunday. That could ding Omarion Hampton’s production a bit.",Alex Insdorf,,"Sep 27, 2026",
Chamarri Conner,KC,Defensive Back,"Chiefs declared CB Chamarri Conner (knee), T Josh Simmons (back), TE Jared Wiley, QB Garrett Nussmeier, DE Jack Pyburn and DE Tyreke Smith inactive for Kansas City’s Week 3 game against the Dolphins.","Conner and Simmons, who both have now missed multiple weeks, were ruled out on Friday. The other five players are healthy scratches.",,,"Sep 27, 2026",
Joey Porter,PIT,Cornerback,Joey Porter Jr. (back) will not play in Week 3 against the Bengals.,"Who could have seen this coming? Porter has yet to suit up for a game this season, and it’s due to either a back issue, his current contract situation, or a mixture of the two. Teams have inquired about his availability via trade, but no deal appears on the horizon for the 26-year-old corner. In addition to Porter, the Steelers also declared RB Rico Dowdle, QB Drew Allar, QB Willi Howard, RB Eli Heidenreich, DE Kevin Jobity Jr., and DE Gabe Rubio inactive for Week 3.",,,"Sep 27, 2026",
Devin Singletary,NYG,Running Back,"Giants declared RB Devin Singletary, TE Thomas Fidone II, OL J.C. Davis, DL Josh Tupou, DL Bobby Jamison-Travis, CB Deonte Banks, and S Tyler Nubin inactive for Week 3 against the Titans.","Singletary is a healthy scratch this week. Najee Harris and Tyrone Tracy are the backup running backs for New York. Singletary had nine carries and four catches in the first two weeks of the year. His absence could be a slight boost to Cam Skattebo, though Singletary’s touches may just be distributed to the other backups.",,,"Sep 27, 2026",
Charvarius Ward,IND,Cornerback,Colts declared CB Charvarius Ward (groin) active for Indianapolis’ Week 3 game against the Texans.,"Ward was the only questionable Colts player, but got in a full practice on Friday. Ashton Dulin (ankle) was ruled out on Friday. The other Colts inactives, all healthy scratches, are RB DJ Giddens, DE George Gumbs Jr., QB Riley Leonard, WR Darius Slayton and G Dalton Tucker.",,,"Sep 27, 2026",
Michael Pittman,PIT,Wide Receiver,Michael Pittman (foot) is active for Week 3 against the Bengals.,"It was reported earlier on Sunday that Pittman was expected to suit up, so this isn’t much of a surprise. Despite being ready to go, Pittman will be hard to trust this week against a much-improved Bengals defense. He caught just three passes for 58 yards on three targets in his lone game this season and his best left on fantasy benches in most cases.",Pittsburgh Steelers,,"Sep 27, 2026",
Jakobi Meyers,,,Jakobi Meyers (thumb) is active for Week 3 against the Patriots.,"Meyers was able to practice late in the week and will suit up as the team’s WR3 against a tough New England coverage unit. It’s a revenge game for Meyers, who through Week 2 has a 6 percent target share and a 12 percent air yards share while running a route on 76 percent of the Jaguars’ drop backs. Jaguars declared WR CJ Williams, S Jalen Huskey, LB Jack Kiser, OL Daniel Faalele, DE Wesley Williams, and DT Albert Regis inactive against the Patriots.",Demetrius Harvey,,"Sep 27, 2026",
Ed Ingram,HOU,Guard,"Texans declared G Ed Ingram (groin), WR Nico Collins (hamstring), EDGE Jadeveon Clowney (knee), T Nate Thomas, CB Collin Wright and TE Brevin Jordan inactive for Houston’s Week 3 game against the Colts.",No surprises here; Trent Brown (knee/wrist) will play off a questionable tag. The other three injured Texans were ruled out on Friday. Ingram has not practiced since suffering a groin injury in practice last Wednesday and has to be considered questionable for Week 4 as well as this point; he’s the best run blocker on Houston’s line.,,,"Sep 27, 2026",
Ed Oliver,BUF,Defensive Lineman,Ed Oliver (hip) is active for Week 3 against the Los Angeles Chargers,Oliver was a late scratch from last Thursday’s game against the Lions when he hurt himself during pre-game warm-ups. It seems that he’s feeling good now and will have a great matchup against a Chargers offensive line that is missing multiple starters in the interior.,Jenna Cottrell,,"Sep 27, 2026",
Adonai Mitchell,NYJ,Wide Receiver,Jets declared Adonai Mitchell (finger) inactive for Week 3 against the Lions.,"The Jets took things down to the wire with Mitchell but will ultimately hold him out for at least a week as he works through the finger injury. The Jets are now extremely thin at receiver with first-round rookie Omar Cooper Jr. on IR on top of the Mitchell injury. Isaiah Williams will take over as the team’s No. 2 receiver this week. Also inactive for the Jets are CB Nahshon Wright, TE Mason Taylor, LB Kiko Mauigoa, RB Kene Nwangwu, K Blake Grupe, and S Minkah Fitzpatrick.",,,"Sep 27, 2026",
Jaylen Warren,PIT,Running Back,Jaylen Warren (shoulder) is active for Week 3 against the Bengals.,"With Rico Dowdle (toe) out and Eli Heidenreich being a healthy scratch, Warren will split backfield touches with Travis Homer. Warren should be in for a big workload, making him a safe RB2 with upside against the Bengals.",Pittsburgh Steelers,,"Sep 27, 2026",
Jaylen Wright,MIA,Running Back,"Dolphins declared RB Jaylen Wright (foot/stinger), WR Caleb Douglas (ankle), EDGE Rob Beal Jr. (hamstring), QB Brady Cook, DB Marcellas Dial Jr., G DJ Campbell and T Chukwuebuka Godrick inactive for Miami’s Week 3 game against the Chiefs.","CB JuJu Brents and WR Ryan Miller will play off questionable tags. Wright has fallen behind Ollie Gordon in the pecking order, though nobody is really making any fantasy hay in the Miami backfield given the talent surrounding them.",,,"Sep 27, 2026",
Xavier Legette,CAR,Wide Receiver,Xavier Legette (knee) is inactive for Week 3 vs. the Browns.,"Jalen Coker (ankle), meanwhile, is active. Legette made a big catch in Week 2, but he’s one of the only boats not rising with the tide of the Panthers’ ascending offense. He is off the radar in 12-team league fantasy, especially now that he’s injured.",,,"Sep 27, 2026",
Chig Okonkwo,WAS,Tight End,"Commanders declared QB Jayden Daniels, LB Frankie Luvu, LB Javontae Jean-Baptiste, G Sam Cosmi and TE Chig Okonkwo inactive for Week 3 against the Seahawks.","Okonkwo is considered week-to-week with his hamstring injury. With Daniels out, Athan Kaliakamanis will be the backup signal-caller for Marcus Mariota against the Seattle defense.",,Christopher Crawford,"Sep 27, 2026",
Jalen Coker,CAR,Wide Receiver,Jalen Coker (ankle) is active for Week 3 against the Browns.,"The belief all along was that Coker would play despite carrying a questionable tag into the weekend. Coker is a solid top-24 play this weekend after a hot start that has included 16 receptions for 204 yards and two touchdowns. While Coker is active, the Panthers did declare WR Xavier Legette, LB Devin Lloyd, S Nick Scott, TE Ja’Tavion Sanders, QB Haynes King, OT Albert Reese, and DT Cam Jackson inactive for Week 3.",Panthers.com,,"Sep 27, 2026",
DJ Moore,BUF,Wide Receiver,"Bills declared WR Skyler Bell, OL Jude Bowry, OL Ar’maj Reed-Adams, DL T.J. Sanders, OLB Mike Danna, and S Jalon Kilgore inactive for Week 3 against the Chargers","Both DJ Moore (shoulder) and Keon Coleman (ankle) were listed as questionable on the final injury report, but both of them will suit up to play. There’s a chance that they could have their snap share managed as they play through injuries, but we’d have to assume they’re both relatively healthy if the Bills are going to put both of them on the field in an early-season matchup. You may just see a little more Khalil Shakir and Josh Palmer usage than normal. Moore remains the receiver with the most fantasy upside and could be a low-end WR2 with Shakir also being a solid WR3 in PPR formats given his role as a lower aDOT target-earner.",Joe Buscaglia,,"Sep 27, 2026",
Eli Raridon,NE,Tight End,"Patriots declared TE Eli Raridon, QB Behren Morton, OT Dametrious Crownover, DT Leonard Taylor III, EDGE Dre’Mont Jones, and S Craig Woodson inactive for Week 3 against the Jaguars.","Raridon’s absence should provide a small bump for Hunter Henry, who has run a route on 63 percent of the Patriots’ drop backs and seen a target on 16 percent of those routes through Week 2. Raridon had been running around 20 percent of the team’s routes. Henry profiles as a deep league option for Week 3 against Jacksonville’s pass-funnel defense.",Ethan Hurwitz,,"Sep 27, 2026",
Julian Love,SEA,Safety,"Seahawks declared S Julian Love, S Ty Okada, DL Brandon Pili, QB Jalen Milroe, WR Montorie Foster Jr. CB Avery Smith and LB Connor O’Toole in active for Week 3 against the Commanders.",The Seahawks will be without both of their starting safeties for Week 3 against the Commanders. Rodney Thomas Jr. and AJ Finley will get the starts in their absence. Milroe will be the emergency third quarterback with Sam Darnold (glute) back in action.,,Christopher Crawford,"Sep 27, 2026",
Tyjae Spears,TEN,Running Back,Tyjae Spears (ankle) will play in Week 3 against the Giants.,"Spears got in a single limited practice this week but is good to go after making it through pre-game warmups unscathed. He will continue to back up Tony Pollard while pitching in on passing downs. Spears is a low-end RB4 for Week 3. Inactive for the Titans are OL Antonio Mafi, DL Jackie Marshall, OL Brandon Crenshaw-Dickson, TE Kylen Granson, DB Jaylon Jones, and RB Michael Carter.",,,"Sep 27, 2026",
Adonai Mitchell,NYJ,Wide Receiver,ESPN’s Jeremy Fowler reports Adonai Mitchell (finger) is expected to miss Week 3 against the Lions.,"We’ll get official word from the team in a few minutes. If Mitchell is indeed out, Isaiah Williams would step in as the team’s No. 2 receiver. Rookie tight end Kenyon Sadiq would also take on a larger role.",Jeremy Fowler,,"Sep 27, 2026",
DJ Moore,BUF,Wide Receiver,ESPN’s Adam Schefter reports DJ Moore (shoulder) is expected to play in Week 3 against the Chargers.,"Moore suffered an AC joint sprain in Week 2 and did not return to that game. He got in two limited practices this week before being listed as questionable. He will suit up versus the Chargers, though it’s unclear how much the shoulder issue will affect him. Moore would normally be a solid WR2 option in this spot, but fantasy managers will likely want to treat him as a WR3 until we see how the shoulder injury impacts his play and usage.",Adam Schefter,,"Sep 27, 2026",
Josh Jacobs,GB,Running Back,NFL Network’s Ian Rapoport said he does not expect “an imminent return for Josh Jacobs.”,"Jacob’s current time on the Commissioner’s Exempt List is expected to count as time served toward an eventual suspension. Rapoport added, “If they get to the point where it’s five games, six games, maybe eight games, that might be when you’re looking at a potential return for Josh Jacobs.” The NFL is currently trying to obtain video footage of the incident from the Hobart/Lawrence police department. The victim in Jacobs’ case requested that it be sealed by a judge for privacy reasons, but that request was denied. Now the NFL has filed a FOIA request to obtain it. It seems like they won’t make any decisions on Jacobs’ suspension until they have viewed the video, which could take several more weeks to resolve.",Ian Rapoport,,"Sep 27, 2026",
Keon Coleman,BUF,Wide Receiver,NFL Network’s Cameron Wolfe reports Keon Coleman (ankle) is expected to play in Week 3 against the Chargers.,"Coleman returned to practice on Friday and was listed as questionable for today’s game. DJ Moore (shoulder) also looks likely to play through his questionable tag. Coleman stepped up last week with six catches for 63 yards on six targets. While he’s not on the fantasy radar as long as Moore suits up, Coleman could be a valuable role player for the Bills this year.",Cameron Wolfe,,"Sep 27, 2026",
Tyjae Spears,TEN,Running Back,NFL Network’s Mike Garafolo reports “the hope is” that Tyjae Spears (ankle) will play in Week 3 against the Giants.,"Spears got in one limited practice this week before being listed as questionable. Per Garafolo, the Titans want to see how Spears looks in warmups before making a decision. The Titans are playing at New York, where rain and winds are expected to be an issue. The field conditions could play a role in whether Spears suits up or not. If he doesn’t, rookie Nick Singleton would see a few extra touches.",Mike Garafolo,,"Sep 27, 2026",
Jayden Daniels,WAS,Quarterback,NFL Network’s Ian Rapoport reports Jayden Daniels (elbow) is expected to return “at three weeks or sooner.”,"Daniels dislocated his left (non-throwing) elbow in Week 2. He suffered the same injury last year and it functionally ended his season. The good news for Commanders fans and fantasy managers is that he is not undergoing surgery and wasn’t placed on injured reserve. Still, Daniels will miss a few weeks and then runs the risk of re-injuring the elbow after returning. Marcus Mariota will start until Daniels is healthy. Mariota is one of the league’s best backups, so the fantasy outlook for Stefon Diggs and Terry McLaurin shouldn’t be too much worse while Daniels is out.",Ian Rapoport,,"Sep 27, 2026",
J.J. McCarthy,MIN,Quarterback,ESPN’s Adam Schefter reports J.J. McCarthy and Justin Fields are on the list of quarterback options for the Giants.,"If you have ever thrown a football, get an agent and have them contact the New York Giants. McCarthy and Fields join a list that, per previous reports, already included Gardner Minshew, Mac Jones, and Jimmy Garoppolo. Schefter also named Brandon Allen, who was on the Giants’ roster during training camp, as an option. Jameis Winston will get the start in Week 3, but the journeyman passer looked downright awful in relief of Jaxson Dart last week. The team will be forced to make a move at quarterback if he struggles versus the Titans today. McCarthy would be a true Hail Mary for the G-Men, but he does have a strong tie to the Harbaugh brothers via his time at Michigan.",Adam Schefter,,"Sep 27, 2026",
Brock Bowers,LV,Tight End,"ESPN’s Jeremy Fowler reports Brock Bowers (knee) is expected to play in Week 3 against the Saints, barring a surprise.","Bowers will still need to test out his knee during pre-game warmups, but all signs point to him making his 2026 debut later today. The team heavily limited his workload during practice this week and could do so in his first game back from the late offseason meniscus trim. Still, if Bowers is active, fantasy managers have to get him in their lineups.",Jeremy Fowler,,"Sep 27, 2026",
Jalen Coker,CAR,Wide Receiver,NFL Network’s Ian Rapoport reports Jalen Coker (ankle) “should play” in Week 3 against the Browns.,"Xavier Legette (knee) remains a game-time decision. Both players were officially listed as questionable on Friday. Coker has gotten off to a red-hot start this year with 16 grabs for 204 yards and a pair of scores through two weeks. Even if he’s limited by the ankle issue, the production is too good to keep on the bench. He is, at worst, a WR3 for his date with the Browns.",Ian Rapoport,,"Sep 27, 2026",
Myles Garrett,,,NFL Network’s Ian Rapoport reports Myles Garrett “was given a timeline of roughly six weeks for his recovery from knee surgery.”,"Garrett attempted to play through the knee issue in Week 1 but was clearly bothered by the balky knee. He underwent a knee scope shortly after the Rams’ opener and was placed on injured reserve. It was initially expected to be closer to a four-week absence for the reigning Defensive Player of the Year. Now he’ll miss a bit longer than that, and Rapoport added that the team will be cautious with his return, so he could be sidelined beyond even the six-week timeline.",Ian Rapoport,,"Sep 27, 2026",
Mike Evans,SF,Wide Receiver,ESPN’s Jeremy Fowler reports Mike Evans (hip) plans to play in Week 3 against the Cardinals.,"Evans has been trending in the right direction throughout the week, with Kyle Shanahan already telling reporters a few days ago that he has a good chance to suit up. The team officially listed him as questionable on their final injury report, but fantasy managers can assume he is playing for now. Evans could see his role scaled back slightly, but the 49ers are extremely thin at receiver, having lost Demarcus Robinson to an ankle injury most recently. Even at less than full strength, Evans remains in play as a fantasy WR2.",Jeremy Fowler,,"Sep 27, 2026",
Joey Porter,PIT,Cornerback,ESPN’s Adam Schefter reports the Lions and Cowboys “have begun making inquiries about the availability of Pittsburgh Steelers cornerback Joey Porter Jr.”,"Schefter noted that a handful of teams have called Pittsburgh, so it’s likely more than just Dallas and Detroit. Porter has been locked in an ugly contract dispute with the Steelers since the early offseason, and the team does not negotiate extensions during the season. They also rarely guarantee money beyond the first year of an extension, which has been another sticking point for JPJ’s camp. Per Schefter, the Steelers are willing to listen to offers but want a “strong compensation package” in return. Porter is questionable for Week 3 with a back issue, though the team is simply calling it a matter of conditioning, casting doubt on the validity of Porter’s supposed injury. He has yet to play this season.",ESPN,,"Sep 27, 2026",
Nico Collins,HOU,Wide Receiver,ESPN’s Adam Schefter reports there is a “decent chance” Nico Collins (hamstring) returns for Week 4 against the Cowboys.,"Collins injured his hamstring in practice last week and has already been ruled out for the second game in a row. He did not practice this week, so the Texans’ first injury report of Week 4 will be telling. Dalton Schultz will continue to vacuum up targets in the meantime. He saw 14 targets last week and caught 12 of them for 140 yards.",Adam Schefter,,"Sep 27, 2026",
Michael Pittman,PIT,Wide Receiver,ESPN’s Adam Schefter reports Michael Pittman (foot) is expected to play in Week 3 against the Bengals.,"Pittman missed last week’s game with the foot issue and was limited in practice throughout this week. He was given a questionable designation on Friday. Pittman will return as the No. 2 receiver on a struggling offense, and he’s likely not back to full strength. Fantasy managers should keep him on the bench for at least one more game before getting him back into lineups.",Adam Schefter,,"Sep 27, 2026",
Puka Nacua,,,ESPN’s Adam Schefter reports surgery is “not entirely off the table” for Puka Nacua (hip).,"Schefter noted that the team doesn’t believe he will need surgery, but it could be an option if things don’t improve. The team is listing it as a hip injury, but the main issue has been a groin injury which would presumably require core muscle surgery. That would sideline him for multiple months. Schefter added that Nacua could return as soon as Week 4 if he does improve. Nacua did not practice once this week before being listed as doubtful versus Denver. Nacua’s short and long-term status hangs in the balance right now. It sounds like we’ll know pretty soon whether this is a lost season or not.",Adam Schefter,,"Sep 27, 2026",
Caleb Williams,CHI,Quarterback,ESPN’s Adam Schefter reports Caleb Williams has a Grade 2 hamstring injury “that doctors say could sideline him for three to four weeks.”,"Schefter noted that Williams could return sooner, and the timeline is simply an estimate from the doctors. Still, it would be risky for the team to rush him back, even if he is pushing to play. Williams has already been ruled out for Week 3 and Tyson Bagent is questionable because of a concussion. If he isn’t ready when the Bears take on the Eagles on Monday, Case Keenum will draw the start.",Adam Schefter,,"Sep 27, 2026",
Tyler Conklin,DET,Tight End,"Lions declared TE Tyler Conklin, G Ben Bartch, LB Devin White, S Bishop Fitzgerald, EDGE Ahmed Hassanein, and DL Mekhi Wingo inactive for Week 3 against the Jets.",Conklin is a healthy scratch. He appeared in the Lions’ previous two games but logged just 14 snaps on offense.,,,"Sep 27, 2026",
Josh Newton,CIN,Defensive Back,"Bengals declared CB Josh Newton, C Connor Lew, OT Myles Hinton, TE Jack Andries, DT BJ Hill, and DT Landon Robinson inactive for Week 3 against the Steelers.","Hill was doubtful entering the weekend and was considered a long shot to play, so the decision to scratch him for this game doesn’t come as a surprise. The veteran DT was a DNP all week due to an Achilles injury and hasn’t played since Week 1.",Ben Baby,,"Sep 27, 2026",
Tyson Campbell,CLE,Cornerback,"Browns declared CB Tyson Campbell (hip, ankle) inactive for Week 3 against the Panthers.","Mekhi Blackmon, who was signed off the street in late August, will again fill in for Campbell. It’s a significant downgrade, to put it mildly. Also inactive for the Browns are QB Taylen Green, LB Justin Jefferson, C Parker Brailsford and starting guard Teven Jenkins.",,,"Sep 27, 2026",
Jaylen Warren,PIT,Running Back,ESPN’s Adam Schefter reports Jaylen Warren (shoulder) is expected to play in Week 3 against the Bengals.,"Warren was limited in practice throughout the week because of the shoulder issue. The team listed him as questionable on Friday, though he always looked more likely than not to suit up. He will see the bulk of the backfield touches with Rico Dowdle (toe) out for Week 3, putting him in the RB2 mix.",Adam Schefter,,"Sep 27, 2026",
Colby Parkinson,,,Rams coach Sean McVay said Colby Parkinson (knee) is “trending in the right direction” for Week 3 against the Broncos.,"Parkinson did not practice once this week because of the knee issue, so it’s a bit of a surprise that McVay sounds optimistic about him suiting up today. The team may have kept him out of practice as a precaution. He will handle an inline tight end role while Terrance Ferguson handles de facto WR2 duties with Puka Nacua out. Ferguson remains in the TE1 mix while Parkinson is a touchdown-or-bust TE2.",Adam Schefter,,"Sep 27, 2026",
Zay Flowers,BAL,Wide Receiver,ESPN’s Adam Schefter reports Zay Flowers is a “true pre-game decision” for Week 3 against the Cowboys.,"Schefter did add, “The team doesn’t sound as if it is counting on him playing.” The Ravens are taking on Dallas in Brazil, so the team wants to get him on the field for warmups to see how he responds to the reportedly spotty and uneven turf. There’s still a chance he plays, but it has already been reported that he will be on a snap count if active. At this point, fantasy managers should treat Flowers as if he’s out. Rashod Bateman took over the No. 1 receiver duties last week and went for 88 yards plus a touchdown. He will be in the WR3 mix once again if Flowers is inactive.",Adam Schefter,,"Sep 27, 2026",
Demarcus Robinson,SF,Wide Receiver,49ers placed WR Demarcus Robinson (ankle) on injured reserve.,"The high-ankle injury will now cost the veteran receiver a minimum of four games, thinning an already reeling group of pass-catchers in San Francisco. Jacob Cowing is technically the next man up, although the offense appears more likely to concentrate on the remaining veterans.",,,"Sep 26, 2026",
DeVonta Smith,PHI,Wide Receiver,Eagles WR DeVonta Smith (hamstring) practiced in full Saturday and will play in Week 3 against the Bears.,"Smith’s week of practiced steadily increased from a limited showing to full-go, paving the way for him to operate as the clear-cut top option through the air against a porous Bears secondary. Fantasy managers can start him with confidence is an upside WR2 in Week 3.",,,"Sep 26, 2026",
Saquon Barkley,PHI,Running Back,Eagles RB Saquon Barkley (stinger) was removed from the injury report Saturday and will play in Week 3 against the Bears.,Barkley briefly left the team’s Week 2 win with a stinger but would return in the second half to finish the game. He’ll be a back-end RB1 against the Bears through clear offensive struggles from the Eagles.,,,"Sep 26, 2026",
Jonah Coleman,DEN,Running Back,Broncos placed RB Jonah Coleman (ankle) on injured reserve.,"That escalated quickly. Coleman was potentially in line to serve as the starter in Week 3 with both J.K. Dobbins and RJ Harvey nursing various injuries. Coleman missed practice throughout the week with an ankle injury that wasn’t revealed until Wednesday’s practice report, with the injury now taking the next four games, at minimum, from the talented rookie. Both Harvey and Dobbins have been cleared to play in Week 3, forming a backfield tandem in the wake of Coleman’s injury.",,,"Sep 26, 2026",
Caleb Williams,CHI,Quarterback,Bears QB Caleb Williams (hamstring) was ruled out for Week 3 against the Eagles.,Williams is likely looking at a multi-week absence after injuring his hamstring in Week 2. Tyson Bagent is in the final stages of the concussion protocol after practicing in full Saturday but will need to be cleared by an independent neurologist Sunday to suit up on Monday Night Football against the Eagles. Bagent is officially listed as questionable.,,,"Sep 26, 2026",
P.J. Locke,DAL,Safety,Cowboys placed S P.J. Locke (plantar fascia) on injured reserve.,The team had already ruled him out for multiple weeks and will now make the administrative move of sending him to injured reserve. He will first be eligible to return for Week 7.,,,"Sep 26, 2026",
Laken Tomlinson,GB,Guard,"Packers signed G Laken Tomlinson, formerly of the Texans.","The veteran guard brings significant experience to a Packers team ranked at the bottom of the league in offensive line metrics, including 162 career starts. It’s a no-risk signing in which things could quite literally not get any worse in Green Bay.",,,"Sep 26, 2026",
Tyson Bagent,CHI,Quarterback,Bears HC Ben Johnson told reporters QB Tyson Bagent will practice Saturday.,"With Caleb Williams (hamstring) not expected to play in Week 3’s Monday Night Football showdown against the Eagles, Bagent’s status holds extra weight this week. He missed practice through Friday with a concussion, but has since been cleared to resume practice. He will still need to remain asymptomatic for two consecutive days to fully clear protocol. Bagent would only be a desperation play in super-flex leagues against the Eagles.",Kevin Fishbain,,"Sep 26, 2026",
Kerby Joseph,DET,Safety,"Lions S Kerby Joseph (knee) is hopeful he’ll be available later this season, reports NFL Insider Tom Pelissero.","Lions HC Dan Campbell didn’t sound optimistic about the prospects of Joseph, who is dealing with a potentially career-threatening knee cartilage issue, helping the Lions this year. In two separate media appearances in the last week, Campbell said that there wasn’t anything he could say about Joseph that would make anyone “feel good.” Pelissero reported Saturday morning that Joseph, who missed all of training camp and hasn’t played since last year’s Week 6 loss to the Chiefs, is hopeful he’ll be available to help the Lions down the stretch. While that may be the case, whether Joseph is able to return to play this year remains an open question. Without Joseph and S Brian Branch (Achilles), the Lions are severely shorthanded in the backend heading into Week 3’s home matchup against the Jets.",Tom Pelissero,,"Sep 26, 2026",
Joe Schoen,NYG,General Manager,"The Giants could trade for a QB in the wake of Jaxson Dart’s injury by Monday, reports NFL Insider Tom Pelissero.","According to Pelissero, Giants GM Joe Schoen is “working the phones” and a trade could be done as soon as Monday. The Giants gave Dart’s backup Jameis Winston a two-year contract extension just before the start of the regular season. While the Giants are looking to add to their quarterback depth, it seems unlikely that whoever they acquire at this point would be able to unseat Winston as the starter immediately. New York takes on Tennessee in Week 3 at MetLife Stadium on Sunday.",Tom Pelissero,,"Sep 26, 2026",
Zay Flowers,BAL,Wide Receiver,"Zay Flowers (hamstring) will likely be on a snap count if active for Week 3 against the Cowboys, reports ESPN’s Jeremy Fowler.","Flowers missed Week 2’s loss to the Saints with a hamstring injury after catching five passes for 150 yards and a touchdown in the Week 1 victory over the Colts. Rashod Bateman stepped up as the Ravens’ leading receiver with Flowers out in Week 2. That would likely be the case again if Flowers is held out. As Fowler reports, Flowers would likely be on a snap count if he’s active against the Cowboys in Week 3, which would seem to muddy things for both his and Bateman’s fantasy prospects against the Cowboys. Baltimore takes on Dallas Sunday afternoon at Maracaná Stadium in Rio de Janeiro, Brazil.",,,"Sep 26, 2026",
Blake Miller,DET,Tackle,Lions RT Blake Miller (knee) is not on the injury report for Week 3 against the Jets.,"Lions LG Christian Mahogany (hip) will also make his return after a week-long absence, and RG Tate Ratledge (elbow) is good to go after two limited sessions early in the week. The Lions’ starting offensive line’s health is improving. Backup OG Ben Bartch (foot) has been ruled out.",Detroit Lions,,"Sep 25, 2026",
Chris Jones,KC,Defensive Tackle,Chiefs DT Chris Jones (calf) is not on the injury report for Week 3 against the Dolphins.,"The Chiefs kept Jones limited in all three practices this week, so this injury isn’t totally behind him yet. Regardless, he should have a productive day against the Dolphins’ offense this week.",,,"Sep 25, 2026",
Mike Evans,SF,Wide Receiver,NFL Network’s Ian Rapoport said “it seems like” 49ers WR Mike Evans (hip) “has a pretty good chance” to play in Week 3 against the Cardinals.,"Rapoport made the statement, and then immediately referenced 49ers coach Kyle Shanahan’s comments earlier this week, when he said Evans had a “good” chance to play this week, so it is unclear if Rapoport is actually breaking news. That said, no news is good news. If the NFL Network star had learned something contradictory, we would have heard about it. Evans returned to practice in a limited capacity today. Stay tuned for updates and treat him as a WR2 for the time being.",Ian Rapoport,,"Sep 25, 2026",
Jayden Daniels,WAS,Quarterback,NFL Network’s Ian Rapoport reports that Commanders QB Jayden Daniels (elbow) is unlikely to play in Week 4 against the Colts.,"Frankly, this report comes off as more of a recap than breaking news. The Commanders do not yet know when Daniels will return, though they are optimistic that he will miss fewer than four games. According to Rapoport, the goal is to get him back “as soon as possible” and “as safe as possible.” Backup QB",Ian Rapoport,,"Sep 25, 2026",
DeeJay Dallas,MIN,Running Back,Vikings RB DeeJay Dallas (toe) was removed from the injury report and will play in Week 3 against the Buccaneers.,Dallas and starting RB Aaron Jones (knee) both practiced in full on Friday. Jones will handle the majority of the backfield’s touches while Dallas takes a few carries and plays some on passing downs.,,,"Sep 25, 2026",
Nick Bosa,SF,Defensive End,49ers coach Kyle Shanahan confirmed that EDGE Nick Bosa (calf) will miss multiple weeks.,"Bosa strained his calf while going through his pre-practice warm-up routine on Thursday. The team has not yet identified Bosa’s expected return timeline, but the 49ers’ pass rusher will be out for some time. The 49ers also ruled out EDGE Romello Height (hand) for Week 3 against the Cardinals as well.",NBC Sports’ Pro Football Talk,,"Sep 25, 2026",
Chris Bell,MIA,Wide Receiver,Dolphins WR Chris Bell (knee) was removed from the injury report and will play in Week 3 against the Chiefs.,"Bell upgraded to full participation on Friday after two limited sessions. The rookie wide receiver has been bothered by fluid and soreness in his surgically repaired knee since Week 1, so the Dolphins have limited his snaps in-game. With fellow rookie WR Caleb Douglas (ankle) sidelined for Week 3, the coaching staff could draw up a couple of extra plays with Bell in mind, though he can only be viewed as a WR4.",Miami Dolphins,,"Sep 25, 2026",
MarShawn Lloyd,GB,Running Back,MarShawn Lloyd played on 22.7 percent of the offensive snaps in the Packers’ Week 3 loss to the Falcons.,"The Packers largely played in a trailing game script last night. Lloyd does not have meaningful access to passing down snaps, logging just one snap on third down and none in the two-minute drill, making him mostly dependent on decent rushing workloads. He played 45.5 percent of the red zone snaps and took the lone snap inside the five-yard line, but was held out of the end zone. Lloyd’s six touches led the backfield, but are hardly enough to keep him locked in 12-team FLEX spots.",,,"Sep 25, 2026",
DeVonta Smith,PHI,Wide Receiver,Eagles WR DeVonta Smith (hamstring) resumed practicing on Friday.,"Smith was back at practice, logging a limited session, after sitting out yesterday. The Eagles’ WR1 is on track to play, but hamstring injuries can be finicky. This is worth tracking closely. The Bears have fielded a very fantasy-friendly pass defense thus far, making this a favorable matchup for the Eagles’ passing attack.",Zack Berman,,"Sep 25, 2026",
Saquon Barkley,PHI,Running Back,Eagles RB Saquon Barkley (stinger) practiced in full on Friday.,"Barkley told reporters after practice that he is confident in his rehab program and plans to play in Week 3 against the Bears. His backups, RB Tank Bigsby (abdomen) and RB Will Shipley (foot), both resumed practicing today as limited participants. Expect Barkley to handle his normal workload in what should be a run-heavy game plan.",Zach Berman,,"Sep 25, 2026",
Terrance Ferguson,,,Rams TE Terrance Ferguson (ankle) was removed from the injury report and will play in Week 3 against the Broncos.,Ferguson is set to handle No. 2 pass-catcher duties with WR Puka Nacua (hip) sidelined this week. The young tight end posted a 6/54/1 receiving line in Week 2 and can be viewed as a TE1 in this matchup.,Sarah Barshop,,"Sep 25, 2026",
Jacoby Brissett,ARI,Quarterback,Cardinals qB Jacoby Brissett (hip) was removed from the injury report and will play in Week 3 against the 49ers.,"Brissett practiced fully all week, despite the hip injury. Brissett is not quite hitting the peaks he produced last year and is too tough to trust in 12-team leagues. Consider him a QB2 against the 49ers this week.",Theo Mackie,,"Sep 25, 2026",
Garrett Williams,ARI,Cornerback,Cardinals CB Garrett Williams (Achilles) was removed from the injury report and will play in Week 3 against the Cardinals.,"The Cardinals lost their top perimeter CB Will Johnson (neck) to injured reserve this week. Fellow perimeter CB Max Melton (toe) is questionable to play. Williams suffered a season-ending Achilles tendon rupture last year, and returns this week to man the slot.",Theo Mackie,,"Sep 25, 2026",
Jaylen Wright,MIA,Running Back,Dolphins RB Jaylen Wright (stinger/foot) is doubtful for Week 3 against the Chiefs.,"Wright was unable to practice on Friday. He is very unlikely to play, although his absence may only be felt in the return game. Dolphins RB",Miami Dolphins,,"Sep 25, 2026",
Demarcus Robinson,SF,Wide Receiver,49ers ruled out WR Demarcus Robinson (ankle) for Week 3 against the Cardinals.,"This was the expected outcome for Week 3. Reports on Robinson’s injury indicate this could be a multi-week issue. With WR1 Mike Evans (hip) questionable, WR Deebo Samuel and TE George Kittle could take on sizable workloads, though the team will likely still try to limit Kittle’s snap count.",Nick Wagoner,,"Sep 25, 2026",
Mike Evans,SF,Wide Receiver,49ers WR Mike Evans (hip) is questionable to play in Week 3 against the Cardinals.,"Evans did not practice on Wednesday and Thursday, but was in uniform and warming up during the open portion of Friday’s practice. When asked whether Evans was limited or full, he declined to say. If Evans was full, we have almost no concerns about his ability to play this week, though he likely would have been removed from the injury report if that were the case. Evans must be treated as truly questionable to play, so make a backup plan, but he is the type of player who does not necessarily need to practice fully before practicing. If active, he is a WR2.",Nick Wagoner,,"Sep 25, 2026",
Cairo Santos,CHI,Kicker,Bears K Cairo Santos (right hip) did not practice on Friday.,Santos has tumbled from the potential beneficiary of a potent offense to a droppable player in 12-team leagues. He is also on the wrong side of questionable.,Dan Wiederer,,"Sep 25, 2026",
Cooper Kupp,SEA,Wide Receiver,Seahawks WR Cooper Kupp (back) was removed from the injury report and will play in Week 3 against the Commanders.,"Kupp will be available for QB Sam Darnold (glute), who makes his return from his Week 1 injury. Kupp is a mild FLEX option, facing a soft Commanders’ coverage unit.",John P. Boyle,,"Sep 25, 2026",
Nick Cross,WAS,Safety,Commanders S Nick Cross (illness) won’t play in Washington’s Week 3 game against the Seahawks.,He didn’t practice all week after spending Sunday night in a Dallas hospital following an “internal injury” he suffered against the Cowboys. Sounds ominous. We’d be unsurprised if Cross were placed on injured reserve on Saturday.,,,"Sep 25, 2026",
Julian Love,SEA,Safety,Seahawks ruled out S Julian Love (calf) for Week 3 against the Commanders.,"The Seahawks also ruled out S Ty Okada (hamstring) for this week’s game. Okada has not yet played in 2026. Love injured his calf in practice this week. The Seahawks’ D/ST remains a worthwhile play against the Commanders, thanks to the defense’s overall talent and coach Mike Macdonald’s top-tier scheming. Losing the two safeties will simply complicate Macdonald’s preferred three-safety looks.",John P. Boyle,,"Sep 25, 2026",
Javon Kinlaw,WAS,Defensive Tackle,Commanders DT Javon Kinlaw (back/shoulder) is not on Washington’s final Week 3 injury report.,He was limited on Thursday and practiced in full today to avoid the questionable line. The 28-year-old defensive tackle can look forward to a Sunday of trying to stop Jadarian Price runs right up the gut.,,,"Sep 25, 2026",
Sam Cosmi,WAS,OFFENSIVE GUARD (SUB),"Commanders G Sam Cosmi (concussion, throat) will not play in Washington’s Week 3 game against Seattle.","He did not practice at any point this week and should be regarded as questionable for Week 4. The Commanders are without their two best offensive linemen, which should make life very interesting (in a bad way) for Marcus Mariota in Week 3.",,,"Sep 25, 2026",
Chig Okonkwo,WAS,Tight End,Chig Okonkwo (hamstring) will not play in Washington’s Week 3 game against the Seahawks.,"Okonkwo has yet to practice after getting injured in Week 1, leading some to wonder if the Commanders know that there’s an injured reserve list they can place players on. Ben Sinnott has filled in for Okonkwo; Sinnott can best be viewed in his natural habitat on the waiver wire as he scores 1.6 points this week.",,,"Sep 25, 2026",
Kaytron Allen,WAS,Running Back,Kaytron Allen (hip) is not on Washington’s final Week 3 injury report.,"Allen will be available for third-string running back duties against the Seahawks, and considering the likelihood the Commanders are blown out, stands some chance at scoring about 1-3 fantasy points.",,,"Sep 25, 2026",
Marvin Mims,DEN,Wide Receiver,Marvin Mims (foot) is questionable for Denver’s Week 3 game against the Rams.,"Mims re-aggravated his preseason foot injury in Week 1 and did not play in Week 2. He was able to get three limited sessions in ahead of Week 3, but has no fantasy value at this point in Denver’s deep wideout room. He’d provide considerable real-life value as a punt returner.",,,"Sep 25, 2026",
Jadarian Price,SEA,Running Back,Seahawks RB Jadarian Price (chest) was removed from the injury report and will play in Week 3 against the Commanders.,"Seahawks coach Mike Macdonald said Price’s injury responded well to treatment this week. The rookie running back got “a ton of reps” in practices and is reportedly ready to be “full go” against the Commanders on Sunday. Price is a low-end RB2/FLEX for the occasion, after splitting carries with RB Emanuel Wilson and ceding passing down reps to RB George Holani (knee) in Week 2.",Gregg Bell,,"Sep 25, 2026",
Jonah Coleman,DEN,Running Back,Jonah Coleman (ankle) won’t play in Denver’s Week 3 game against the Rams.,"For sale: one large FAAB bid, never used.",,,"Sep 25, 2026",
RJ Harvey,DEN,Running Back,RJ Harvey (hamstring) is not on Denver’s final Week 3 injury report.,"He’ll hold the receiving end of Denver’s RB tandem in Week 3 against the Broncos, giving him fringe RB2 status against a tough defense. We’d probably rather start Harvey than committee mate J.K. Dobbins this week with Jonah Coleman (ankle) out.",,,"Sep 25, 2026",
J.K. Dobbins,DEN,Running Back,J.K. Dobbins (hamstring) is not on Denver’s final Week 3 injury report.,"He’ll form a committee with RJ Harvey, who was also cleared for Week 3, against the Rams. Dobbins is a low-end RB2 at best in this role against a tough Los Angeles defense.",,,"Sep 25, 2026",
Sam Darnold,SEA,Quarterback,Seahawks QB Sam Darnold (glute) was removed from the injury report and will play in Week 3 against the Commanders.,"Darnold upgraded to full participation yesterday, so today’s news tracks. In an interview on the Rich Eisen Show earlier today, Seahawks WR Smith-Njigba basically let slip that Darnold would be back, but Eisen let him out of the situation with only a soft follow-up. Darnold can be started as a borderline QB1/2 against a fantasy-friendly Commanders defense in Week 3.",Ian Rapoport,,"Sep 25, 2026",
Minkah Fitzpatrick,NYJ,Safety,Jets ruled out S Minkah Fitzpatrick (groin) for Week 3 against the Lions.,"Fitzpatrick did not practice at all this week. Starting EDGE Joseph Ossai (foot) is questionable to play, though rookie EDGE David Bailey (elbow) is good to go. This looks like a potentially high-scoring game.",New York Jets,,"Sep 25, 2026",
Adonai Mitchell,NYJ,Wide Receiver,Jets WR Adonai Mitchell (finger) is questionable to play in Week 3 against the Lions.,"Jets coach Aaron Glenn said Mitchell got his finger caught in a jersey on Thursday, but he shared no further details. ESPN’s Rich Cimini reported that there is “some concern” regarding the injury, and Mitchell was seen practicing with some sort of all-encompassing wrap around his hand, index finger and middle finger. The speedy wide receiver is firmly in the questionable camp. If active, he must be viewed as a boom-bust WR3/FLEX, though this matchup against the Lions is very favorable.",New York Jets,,"Sep 25, 2026",
Josh Simmons,KC,Tackle,Chiefs LT Josh Simmons (back) will not play in Kansas City’s Week 3 game against the Dolphins.,Kahlil Benson draws another start. Simmons has not been spotted at practice since the regular season started.,,,"Sep 25, 2026",
Malik Nabers,NYG,Wide Receiver,Malik Nabers is not on New York’s final Week 3 injury report.,"It sure didn’t seem like he had great chemistry with Jameis Winston on Monday night, leaving Nabers feeling more like a mid-range WR2 than someone you’d really want to count on to carry you to victory in what will be a windy Week 3 game against the Titans. Still, he’s fully healthy and got in full practices in each of the last two days of the week to clear the injury report.",,,"Sep 25, 2026",
Brian Burns,NYG,Outside Linebacker,Giants EDGE Brian Burks is questionable for New York’s Week 3 game against the Titans.,"It feels like an aggressive questionable as Burns officially missed all three days of practice this week, but it’s likely a good sign for his availability for Week 4. Joining Burns as questionable are CB Deonte Banks (calf) and S Tyler Nubin (calf) as the Giants try to right the ship with Jameis Winston under center.",,,"Sep 25, 2026",
Ronnie Stanley,BAL,Tackle,Ravens LT Ronnie Stanley (toe) won’t play in Baltimore’s Week 3 game against the Cowboys.,"Stanley didn’t practice at any point this week and is clearly worse off than he was last week, when he at least made it to the questionable line. Carson Vinson replaced Stanley towards the end of Baltimore’s Week 2 loss to the Saints and would seem to be the fill-in.",,,"Sep 25, 2026",
Trey Hendrickson,BAL,Outside Linebacker,Trey Hendrickson (finger) isn’t on Baltimore’s final Week 3 injury report.,"Questionable with this ailment last week, Hendrickson played in Week 2 with a cast. It seems like that will be the plan going forward. Hendrickson got in a full session today. Nnamdi Madubuike (neck) was also not on the injury report and is slated to make his season debut in Week 3.",,,"Sep 25, 2026",
Zay Flowers,BAL,Wide Receiver,Zay Flowers (hamstring) is questionable for Baltimore’s Week 3 game against the Cowboys.,"Ravens head coach Jesse Minter was vaguely optimistic about Flowers’ status when asked; Flowers returned in a limited session as the Ravens did a walkthrough. This will be one to monitor on Sunday, but Flowers is probably still on the pessimistic side of questionable at the moment.",,,"Sep 25, 2026",
Jakobi Meyers,,,Jakobi Meyers (thumb) isn’t on Jacksonville’s final injury report for Week 3.,He will play against the Patriots. Meyers got in his first full practice since suffering the thumb injury and should be a reasonable FLEX play against New England.,,,"Sep 25, 2026",
Trent Brown,HOU,Tackle,Texans RT Trent Brown (knee/wrist) is questionable for Week 3 against the Colts.,"The Texans ruled out RG Ed Ingram (groin) and EDGE Jadevon Clowney (knee). The Colts’ defense has played unimpressively thus far, but hopefully Brown is able to play this week. Losing two offensive line starters is less than ideal.",Houston Texans,,"Sep 25, 2026",
Joey Porter,PIT,Cornerback,Steelers CB Joey Porter Jr. (nir/conditioning) is questionable for Pittsburgh’s Week 3 game against the Bengals.,"He was limited all three days this week and expressed uncertainty about his status for the game when asked on Thursday. He’s best regarded as a true game-time decision; the Steelers would surely like to have him on deck against Tee Higgins and Ja’Marr Chase. Joining Porter on the questionable line is fellow CB Jamel Dean (ankle), who was limited the last two practices of the week after missing Wednesday.",,,"Sep 25, 2026",
Michael Pittman,PIT,Wide Receiver,Michael Pittman (foot) is questionable for Pittsburgh’s Week 3 game against the Bengals.,"He was limited in practice all three days this week with a foot injury that kept him out of Week 2. We’d say Pittman is on the optimistic side of questionable based on his participation status. If he’s out again, it would likely be Germie Bernard picking up the slack, as he did in Week 2.",,,"Sep 25, 2026",
Jaylen Warren,PIT,Running Back,Jaylen Warren (shoulder) is questionable for Pittsburgh’s Week 3 game against the Bengals.,"Warren got in three limited practices this week and, given Rico Dowdle was already ruled out, feels likely to be active on Sunday. Warren will get a workload boost if he can handle it. Eli Heidenreich, Pittsburgh’s seventh-round pick, is next on the depth chart behind Warren with Dowdle out.",,,"Sep 25, 2026",
Nico Collins,HOU,Wide Receiver,Texans ruled out WR Nico Collins (hamstring) for Week 3 against the Colts.,"Collins will miss his second consecutive game with yet another hamstring strain. Last week, the passing offense ran through TE Dalton Schultz, who earned 13 targets. Fellow Texans WR Xavier Hutchinson was next with eight targets, but he caught just three, making for a shaky FLEX option this week.",Houston Texans,,"Sep 25, 2026",
Rico Dowdle,PIT,Running Back,Rico Dowdle (toe) will not play in Pittsburgh’s Week 3 game against the Bengals.,Dowdle didn’t practice at any point this week with a toe injury that was described by Ian Rapoport as a “day-to-day” issue after Week 2. It sounds like he enters Week 4 as very much questionable. 2026 seventh-rounder Eli Heidenreich will likely back up Jaylen Warren on Sunday.,,,"Sep 25, 2026",
Tyson Bagent,CHI,Quarterback,Bears QB Tyson Bagent (concussion) did not practice on Friday.,"Bagent will almost certainly be ruled out for the Bears’ Week 3 Monday Night Football game against the Eagles, paving the way for his backup, QB Case Keenum, to get the start.",Sean Hammond,,"Sep 25, 2026",
Caleb Williams,CHI,Quarterback,Bears QB Caleb Williams (hamstring) did not practice on Friday.,"This is expected, but the Bears have not officially ruled out Williams, so we will continue to provide updates. According to NFL Network’s Ian Rapoport, Williams is not expected to play in Week 3’s Monday Night Football game against the Eagles. Bears QB3 Case Keenum is currently in line to start.",Sean Hammond,,"Sep 25, 2026",
Tyjae Spears,TEN,Running Back,Tyjae Spears (ankle) is questionable for Tennessee’s Week 3 game against the Giants.,"He did return for a limited session on Friday, but it doesn’t look like it’s a sure thing he plays in Week 3. Titans head coach Robert Saleh said Nick Singleton could get more opportunities in Week 3.",Jim Wyatt,,"Sep 25, 2026",
Kyle Monangai,CHI,Running Back,Kyle Monangai (knee) returned to practice in full on Friday.,It doesn’t seem like there’s much concern that he’ll miss Monday Night’s game against the Eagles after skipping the first practice of the week for the team on Thursday. Monangai took two limited sessions with a different ailment (hamstring) last week and should be in line for RB2 duties behind D’Andre Swift in what could be a more limited Bears running game with Case Keenum under center.,Brad Biggs,,"Sep 25, 2026",
AJ Dillon,CAR,Running Back,ESPN’s Mike Kaye believes AJ Dillon could spell Chuba Hubbard on “obvious passing downs” in Week 3.,Dillon will step into the main backup role for Week 3 after Jonathon Brooks (groin) wound up on injured reserve. There’s no real timeshare here; Hubbard will be the main back. But Dillon could cut into PPR point territory as Panthers OC Brad Idzik was described as “pleasantly surprised” by the veteran’s receiving ability.,ESPN,,"Sep 25, 2026",
Will Shipley,PHI,Running Back,Eagles RB Will Shipley (foot) resumed practicing on Friday.,"Shipley now has a chance to suit up on Monday night against the Bears. With starting RB Saquon Barkley (stinger) and RB2 Tank Bigsby (abdomen) also practicing, Shipley may not get any work, even if he is active.",Brooks Kubena,,"Sep 25, 2026",
Brock Bowers,LV,Tight End,Brock Bowers (knee) is questionable for Las Vegas’ Week 3 game against the Saints.,"Bowers did not practice today, but head coach Klint Kubiak said that was part of the team’s plan for managing his injury. Bowers had been limited each of the past two days. It seems plausible given how often he’s being managed at practice that he’d be on a snap count if active, but that’s just our speculation. Kubiak added that the team will not be working Bowers out pre-game like they did ahead of Week 2. Bowers-reliant managers are used to having contingency plans at this point and that will remain the case for Week 3.",Ryan McFadden,,"Sep 25, 2026",
Tank Bigsby,PHI,Running Back,Eagles RB Tank Bigsby (abdomen) resumed practicing on Friday.,"Bigsby is tentatively on track to be available for backup duties in the Eagles’ Monday Night Football game against the Bears. Starting RB Saquon Barkley (stinger) continues to practice, so he should be good to go for his regular workload.",Brooks Kubena,,"Sep 25, 2026",
Aaron Jones,MIN,Running Back,Vikings RB Aaron Jones (knee) was removed from the injury report and will play in Week 3 against the Buccaneers.,"Jones, 33, sat out on Wednesday before returning to practice on Thursday. He tweaked his knee in Week 2, but it is not going to sideline him this week. Vikings receiving specialist RB DeeJay Dallas will rotate in behind him, but is unlikely to warrant PPR FLEX consideration. Rookie RB Demond Claiborne is only a bench stash. Jones can be treated as a low-end RB2/FLEX.",Alec Lewis,,"Sep 25, 2026",
Kendre Miller,NO,Running Back,Kendre Miller (illness) is not on New Orleans’ final Week 3 injury report.,He returned to practice today and practiced in full after missing Thursday to an illness. That’s not exactly a guarantee he’ll play; he was a healthy scratch last week behind Alvin Kamara.,,,"Sep 25, 2026",
Andrew Thomas,NYG,Tackle,Giants T Andrew Thomas (groin) said he’ll play in New York’s Week 3 game against the Titans.,"Players aren’t always the most reliable source and Thomas may still be listed as questionable, but Thomas did practice in full today per John Harbaugh. The Giants star left tackle will protect Jameis Winston against the Titans.",Dan Duggan,,"Sep 25, 2026",
Jordan Whittington,,,Rams WR Jordan Whittington (quad) was removed from the injury report and will play in Week 3 against the Broncos.,"Whittington is WR Puka Nacua’s (hip) direct backup, so he will be out there running a decent number of routes. Whittington has, however, never managed to establish himself as a reliable contributor. He does not need to be rostered in 12-team leagues. Rams TE Colby Parkinson (knee) will be questionable.",Stu Jackson,,"Sep 25, 2026",
Barion Brown,NO,Wide Receiver,Saints ruled out WR Barion Brown (hamstring) for Week 3 against the Raiders.,"The Saints will be without their gadget wide receiver and return specialist. His absence should allow WR Bryce Lance to consolidate routes in the No. 3 wide receiver role, but Lance is only a 14-team dart throw. Hopefully, Brown is back at it next week.",Mike Triplett,,"Sep 25, 2026",
Travis Etienne,NO,Running Back,Saints RB Travis Etienne (hamstring) was removed from the injury report and will play in Week 3 against the Raiders.,"We do not yet know today’s participation level, but Etienne logged two limited sessions to begin the week. Hopefully, we get a report pre-game revealing the injury’s severity, so we can better assess his potential usage. Given the Saints’ prior backfield workload splits and Etienne’s soft-tissue strain, he should probably be viewed as a low-end RB2/FLEX starter right now.",Ross Jackson,,"Sep 25, 2026",
Ty Johnson,BUF,Running Back,Ty Johnson (hamstring) is not on Buffalo’s final Week 3 injury report.,He practiced in full all week and will return to his third-down role against the Chargers.,,,"Sep 25, 2026",
Brenen Thompson,LAC,Wide Receiver,Brenen Thompson (quad) will not play in Los Angeles’ Week 3 game against the Bills.,"He didn’t practice at any point this week and should be regarded as questionable for Week 4 at this time. Thompson played just 22 snaps in LA’s first two games, so his absence won’t necessarily free up more snaps for anyone else.",,,"Sep 25, 2026",
Trey Pipkins,LAC,Tackle,Chargers G Trey Pipkins (knee) and Kayode Awosika (fibula) won’t play in Los Angeles’ Week 3 game against the Bills.,Rashawn Slater (groin) and Cole Strange (pectoral) were removed from the injury report on Friday. The end result of these moves will likely be Trevor Penning starting at guard. Nobody ever said life was easy for Justin Herbert.,,,"Sep 25, 2026",
Ladd McConkey,LAC,Wide Receiver,Ladd McConkey (ribs) is not on Los Angeles’ final injury report for Week 3 against the Bills.,"He practiced in full all week and will presumably be more involved than he was in Week 2, when he was on a snap count. McConkey can be started as a mid-range WR2 despite Los Angeles’ struggles so far against a Bills defense that has allowed 30 points in each of their first two games.",,,"Sep 25, 2026",
Zay Flowers,BAL,Wide Receiver,Zay Flowers (hamstring) returned to practice on Friday.,"Baltimore Banner’s Jonas Shaffer maintained the beat’s skepticism of Flowers’ availability for Week 3’s game in Rio by saying it “still seems unlikely” he’ll play. At the very least, Flowers’ appearance is probably a good sign for his chance for Week 4. We’ll grab a fresh update once the Ravens drop statuses; it seems likely Flowers will not be better than questionable.",Jonas Shaffer,,"Sep 25, 2026",
Puka Nacua,,,"Rams WR Puka Nacua (hip) is doubtful to play in Week 3 against the Broncos, but should play in Week 4 against the Eagles, barring a setback.","Nacua will not practice today, either. The bad news comes straight from Rams coach Sean McVay. With Nacua sidelined, WR Davante Adams must be treated as a fantasy football WR1 and TE Terrance Ferguson can be expected to operate as the team’s No. 2 pass catcher. He is a worthwhile TE1 starter.",Stu Jackson,,"Sep 25, 2026",
Ed Oliver,BUF,Defensive Lineman,Ed Oliver (hip) is questionable for Week 3 against the Chargers.,"Oliver was a surprise scratch in last week’s game against the Lions after suffering an injury in pre-game warmups. It was reported on Sunday that Oliver was day-to-day with “a chance” to play against the Chargers. After being limited in back-to-back practice to close out the week, it’s fair to assume he’ll have a chance to suit up on Sunday barring any setbacks.",Buffalo Bills,,"Sep 25, 2026",
Keon Coleman,BUF,Wide Receiver,Bills coach Joe Brady said Keon Coleman (ankle) is questionable and will be a game-time decision for Buffalo’s Week 3 game against the Chargers.,"Coleman didn’t practice on either Wednesday or Thursday, but made some movement on Friday by showing up to a practice even if media reporters weren’t truly sure if he was giving a lot of effort. Josh Palmer would be a reasonable FLEX play if Coleman were ruled out.",Katherine Fitzgerald,,"Sep 25, 2026",
DJ Moore,BUF,Wide Receiver,Bills coach Joe Brady said DJ Moore (shoulder) is questionable and will be a game-time decision for Buffalo’s Week 3 game against the Chargers.,"This is unsurprising based on how the week trended. Moore practiced twice in a non-contact jersey and rested on Thursday. Moore-reliant managers should be prepared to pivot on Sunday morning if need be. Moore did speak to reporters after Brady, giving some optimism that he could be available if he can clear the last few steps of his rehab process.",Katherine Fitzgerald,,"Sep 25, 2026",
Trey Amos,WAS,Cornerback,Commanders head coach Dan Quinn said he has “no updates” on when Trey Amos (fibula) will return.,"The Commanders placed Amos on injured reserve at the end of camp, which will require him to miss at least the first four games of the season. Quinn said Amos’ “speed and on-field work” have been encouraging as of late, but declined to comment on when the 2025 second-rounder could return. The Commanders’ secondary has struggled through the first two weeks of the season, allowing a league-high seven touchdown passes while also ranking 25th in yards per attempt allowed. We’ll have a better sense of when Amos could be in line to return once the team opens his return window.",John Keim,,"Sep 25, 2026",
Teven Jenkins,CLE,Guard,Browns G Teven Jenkins (back) won’t play in Cleveland’s Week 3 game against the Panthers.,"He did not practice at any point this week and looks to be questionable for Week 4. The Browns also listed CB Tyson Campbell (hip, ankle) and Grant Delpit (shoulder) as questionable. Browns coach Todd Monken said he’s “hopeful” Campbell and Delpit will go.",,,"Sep 25, 2026",
Eli Raridon,NE,Tight End,Patriots TE Eli Raridon (thigh) is questionable for New England’s Week 3 game against the Jaguars.,The second-string tight end’s absence may open up more opportunities for New England slot wideout Pop Douglas. The Patriots also ruled out Dre’Mont Jones (shoulder) for Week 3.,Mike Reiss,,"Sep 25, 2026",
DJ Moore,BUF,Wide Receiver,DJ Moore (shoulder) is practicing on Friday.,"He is wearing the red non-contact jersey, however. With a DNP sandwiched between two sessions with the non-contact jersey, Moore is likely to be questionable at best for Week 3. We’ll see how the designations fall later today, but Moore-reliant fantasy managers should have a backup plan ready for Sunday.",Katherine Fitzgerald,,"Sep 25, 2026",
Ashton Dulin,IND,Wide Receiver,Colts WR Ashton Dulin (ankle) will not play in Indianapolis’ Week 3 game against the Texans.,Laquon Treadwell prayer starts are officially on the menu for Week 3.,,,"Sep 25, 2026",
Rueben Bain,TB,Outside Linebacker,Buccaneers ruled out Rueben Bain Jr. (groin) for Week 3 against the Vikings.,"Head coach Todd Bowles also ruled out LB Josiah Trotter (shoulder) for Sunday’s game. Bain has gotten off to a slow start for the Bucs so far, totaling just one sack while appearing on 76 defensive snaps. The rookie first-rounder will miss at least one game after being sidelined in practice all week. We’ll see if he can get on the field for Week 4’s game against the Packers.",Tampa Bay Buccaneers,,"Sep 25, 2026",
Xavier Legette,CAR,Wide Receiver,Panthers head coach Dave Canales said Xavier Legette (knee) will likely be a game-day decision for Week 3 against the Browns.,"Legette popped up on Thursday’s injury report as a DNP and was limited on Friday. The third-year receiver underwent an MRI, but it doesn’t sound like it revealed anything too concerning given his practice status for Friday. Even if he is active, Legette isn’t on the fantasy radar this week. He’s managed just two receptions for 64 yards on four targets so far this season.",Carolina Panthers,,"Sep 25, 2026",
Jalen Coker,CAR,Wide Receiver,Jalen Coker (ankle) is questionable for Week 3 against the Browns.,"Coker is questionable, but it sounds like he’s trending to play after head coach Dave Canales said he expects him to be on the field. Coker was limited in Wednesday and Friday’s practices, which is another good sign for his availability. Through two games, Coker has caught 16 passes for 204 yards and two touchdowns and can be treated as a WR2 this week.",Carolina Panthers,,"Sep 25, 2026",
Jonathan Allen,CIN,Defensive Tackle,Bengals head coach Zac Taylor said Jonathan Allen (knee) will play in Week 3 against the Steelers.,Allen was a DNP for each of the Bengals’ first two practices but was able to get on the field to close out the week. Allen has been a solid pickup for the Bengals’ revamped defense this season. He’s tallied five tackles while also recording a sack in both games and should have plenty of chances to get after Aaron Rodgers this weekend. Taylor said DT B.J. Hill (Achilles) is doubtful to play this week.,Paul Dehner Jr.,,"Sep 25, 2026",
Tony Pollard,TEN,Running Back,Titans head coach Robert Saleh said Tony Pollard (ankle) will be a full participant in Friday’s practice.,"Pollard being upgraded to a full participant on Friday suggests he will be removed from the injury report heading into the weekend. Pollard has rushed 21 times for 99 yards this season while adding another two receptions on three targets. With rain expected in Sunday’s forecast, the Titans could lean heavily on Pollard and the ground game against a Giants team that’s allowing 5.0 yards per carry through two games.",Turron Davenport,,"Sep 25, 2026",
Jalen Coker,CAR,Wide Receiver,Jalen Coker (ankle) was seen practicing on Friday.,"We’ll get an official status update on Coker shortly, but according to Panthers writer Joe Person, Coker “looked good running routes” during the media portion of practice. Coker was listed as limited during Wednesday’s practice and is dealing with the same ankle injury he played through last week. The fact that he was able to get on the practice field Friday is a good sign for his Week 3 availability against the Browns.",Joseph Person,,"Sep 25, 2026",
Chris Bell,MIA,Wide Receiver,Dolphins HC Jeff Hafley said he expects WR Chris Bell (knee) to play in Week 3 against the Chiefs.,"Bell said Thursday that he expects to play, but Hafley added to that expectation when speaking with the media Friday. The rookie third-rounder has drawn just three targets this season while running 31 routes, but he could see an uptick in targets with Caleb Douglas (ankle) officially ruled out. Bell will be hard to trust as anything more than a WR4 in an offense that currently ranks 30th in total pass attempts and 24th in passing yards.",Barry Jackson,,"Sep 25, 2026",
Caleb Douglas,MIA,Wide Receiver,Dolphins HC Jeff Hafley said Caleb Douglas (ankle) will not play in Week 3 against the Chiefs.,"Douglas wasn’t able to get on the practice field this week and will officially be sidelined in Sunday’s game against the Chiefs. The rookie receiver has caught seven passes for 110 scoreless yards this season and is second among Dolphins receivers with 10 targets. Rookie Chris Bell (knee) is expected to play and could see a slight increase in targets this week, but this is a tough group of pass-catchers to trust against a solid Chiefs defense.",Barry Jackson,,"Sep 25, 2026",
Nick Bosa,SF,Defensive End,ESPN’s Adam Schefter reports 49ers DE Nick Bosa will miss “a few weeks” after pulling his calf in Thursday’s practice.,"According to Schefter, the 49ers are deciding whether to place Bosa on injured reserve. The 28-year-old pass-rusher has yet to register a sack in his two games played this season and has tallied two sacks in five games since 2025. It’s just the latest in a string of injuries that has plagued Bosa in recent years. If he lands on injured reserve, the earliest he would be eligible to return is in Week 7 against the Falcons.",Adam Schefter,,"Sep 25, 2026",
Mason Taylor,NYJ,Tight End,Mason Taylor (thumb) will not play in Week 3 against the Lions.,"Head coach Aaron Glenn said on Friday morning that Taylor would miss Sunday’s game after being sidelined in practice throughout the week. It was reported on Tuesday that Taylor would be week-to-week with his injury, so it isn’t all to surprising to learn that he will be sidelined for this one. Taylor has -2 yards on two receptions this season and wouldn’t have been on the fantasy radar even if he was active.",Brian Costello,,"Sep 25, 2026",
Adonai Mitchell,NYJ,Wide Receiver,ESPN’s Rich Cimini said it “sounds like there’s some concern” over Adonai Mitchell’s finger injury.,"Mitchell popped up as a limited participant on Thursday’s injury report, and while we don’t have the specifics, Cimini’s report is a bit concerning ahead of Week 3’s game against the Lions. Mitchell popped up for 12 targets in last week’s loss to the Packers and is firmly on the streaming radar against a Lions defense that has struggled out of the gate, but we’ll have to see if he can at least get a questionable tag entering the weekend in order to have any confidence heading into Sunday. Jets head coach Aaron Glenn said Mitchell will be limited in Friday’s practice and that the injury came after his finger got caught in a jersey. We should have a better sense of his availability when the team releases its final injury report later in the day.",Rich Cimini,,"Sep 25, 2026",
Jaxson Dart,NYG,Quarterback,ESPN’s Jordan Raanan reports Jaxson Dart (knee) will undergo surgery on Friday.,"According to Raanan, the belief is that Dart will have surgery to repair his meniscus and MCL. The second-year quarterback is looking at a 4-6 month recovery period after his surgery, which will sideline him for the remainder of the regular season. Head coach John Harbaugh said earlier in the week that Dart could return in the postseason if Jameis Winston pulls off the unthinkable and leads the G-Men to their first playoff berth since 2022.",Jordan Raanan,,"Sep 25, 2026",
Jayden Daniels,WAS,Quarterback,"Speaking on 106.7 The Fan’s The Sports Junkies, Commanders GM Adam Peters said: “As of right now, surgery is not on the table (for Jayden Daniels), and we have not discussed IR.”","Peters clarified that this is the plan for Daniels right now, adding that he only recently returned to the team after meeting with several experts. That said, when considering that a stint on the IR would require Daniels to miss at least four games, it would be safe to assume that the team is hoping for a speedy recovery that wouldn’t require him to miss more than three games, putting him on a week-to-week timetable to return. Daniels has already been ruled out for Week 3’s game against the Seahawks and could also be a long shot to play in Week 4’s game against the Colts in London. Daniels will likely wear a brace for the remainder of the season in hopes of stabilizing his elbow, which he first dislocated last season in Week 9. Marcus Mariota will draw the start this week and threw for 1,695-10-7 in 11 games last season.",The Sports Junkies,,"Sep 25, 2026",
Tucker Kraft,GB,Tight End,Tucker Kraft caught 4-of-8 targets for 26 yards in the Packers’ Week 3 loss to the Falcons.,"Kraft has not yet looked himself after recovering from a torn ACL suffered in 2025, this time committing two drops for the first time in his career. To add additional context, Kraft has never had more than three drops in an entire season entering his fourth year in the league. The game plan clearly consisted of getting Kraft involved early to circumvent the offensive line struggles, but the connection with Jordan Love was off throughout. Kraft appears likely to need time to get back to full speed for the Packers, although his snaps and route participation rate were back to normal for the second consecutive week. Fantasy managers are likely forced to ride through the turbulence considering the state of the tight end position throughout the league, but he is a shaky start ahead of a Week 4 matchup with the Buccaneers.",,,"Sep 24, 2026",
Kaleb Johnson,GB,Running Back,"Kaleb Johnson rushed four times for six yards in the Packers’ Week 3 loss to the Falcons, adding 10 yards on one reception.","The two backs combined for the only eight running back rush attempts on a night the Packers’ offensive line was completely manhandled by an aggressive and athletic Atlanta front. Lloyd took his four carries for 11 yards while Johnson managed only six on his four totes. Both backs were targeted three times through the air, with Johnson going for 10 yards on one reception and Lloyd managing just seven yards on two grabs. This backfield is a complete mess amidst Josh Jacobs’ absence and mounting injuries along the offensive line, with neither back anywhere near a usable fantasy asset ahead of a Week 4 road matchup with the pass-funnel Buccaneers.",,,"Sep 24, 2026",
Jordan Love,GB,Quarterback,"Jordan Love completed 28-of-53 passes for 312 yards, two touchdowns, and one interception in the Packers’ 35-14, Week 3 loss to the Falcons.","Love was completely overrun by consistent pressure throughout on a night the Packers attempted 53 passes to just eight running back carries. The Atlanta defensive line took advantage of mounting injuries and ineffective play along the Green Bay offensive line to disrupt any offensive rhythm for the Packers. Love’s two touchdowns went to his top two options through the air in Christian Watson and Matthew Golden, the latter of whom notched the first regular season touchdown of his young career late in the fourth quarter. Matt LaFleur, Love, and the rest of the Packers have some significant work to do if they are to save their quickly sinking season. Love falls to a middling QB2 ahead of a road matchup with an aggressive Buccaneers defense in Week 4.",,,"Sep 24, 2026",
Kyle Pitts,ATL,Tight End,Kyle Pitts caught 1-of-2 targets for five yards in the Falcons’ Week 3 win over the Packers.,"Pitts was the recipient of Michael Penix’s first completion of the 2026 season, with the latter making his season debut following ACL surgery. The return of his starting quarterback was not enough to give Pitts his first fantasy-relevant performance of the season as he watched blocking tight end Austin Hooper score the lone receiving touchdown of the evening from five yards out in the second quarter. Fantasy managers are stuck in the constant hype cycle with Pitts with very little to show for it through three games, making Pitts a difficult start on the road against the Saints in Week 4.",,,"Sep 24, 2026",
Drake London,ATL,Wide Receiver,Drake London caught 9-of-10 targets for 194 yards in the Falcons’ Week 3 win over the Packers.,"To make the stat line more impressive, London didn’t catch his first pass until three minutes into the second quarter following a 1-of-5 start from Michael Penix. He would catch his final nine targets on his way to a massive fantasy day, combining with Bijan Robinson to set the NFL record for a wide receiver and running back duo to both go over 150 yards in the same game with three such occurrences. London continues to excel with Penix under center and returns to the WR1 ranks in fantasy circles ahead of a Week 4 meeting with the Saints.",,,"Sep 24, 2026",
Brian Robinson,ATL,Running Back,Brian Robinson rushed 10 times for 50 yards and a touchdown in the Falcons’ Week 3 win over the Packers.,Brian Robinson’s 10 carries paled in comparison to the 29 of Bijan Robinson but were enough to give him his first fantasy-relevant week of the young season. His third quarter score came from seven yards out after Bijan has pulled himself from the game following extensive work on the drive. Brian Robinson remains one of the top pure handcuffs in fantasy circles but will be a difficult start until bye weeks start piling up in Week 5.,,,"Sep 24, 2026",
Bijan Robinson,ATL,Running Back,"Bijan Robinson rushed 29 times for 194 yards and two touchdowns in the Falcons’ Week 3 win over the Packers, adding 19 yards on two receptions.","Robinson single-handedly out-gained the Packers in the first half after clearing the century mark on the ground early in the second quarter. His patience and burst through the gap were on full display, routinely gaining chunk yardage on first down while making the Green Bay defensive front look like Swiss cheese. A 55-yard scamper on a wide zone carry in the first quarter got the All Pro back off to a blazing start, adding his first of two touchdowns to cap the drive. He would take on a second score late in the fourth quarter to send the Packers to their first home opener loss in 14 years. Robinson remains an elite RB1 ahead of a Week 4 matchup with the division rival Saints.",,,"Sep 24, 2026",
Michael Penix,ATL,Quarterback,"Michael Penix completed 18-of-25 passes for 256 yards, one touchdown, and one interception in the Falcons’ 35-14, Week 3 win over the Packers.","The final stat line looks more impressive when you consider Penix started the game 1-of-5 passing with an interception, settling into the game from there to go on to complete 17 of his final 20 pass attempts. As was the case during his rookie season, Penix leaned on his top option through the air, feeding Drake London 10 targets that the talented receiver parlayed into a gaudy 194 yards, with no other pass-catcher surpassing the 19 yards receiving of running back Bijan Robinson. The Falcons improve to 1-2 on the young season while handing the Packers their first home opener loss in 14 years. Penix has all the look of an upside QB2 and deserves streaming consideration ahead of a road matchup with the Saints in Week 4.",,,"Sep 24, 2026",
Kaytron Allen,WAS,Running Back,Commanders RB Kaytron Allen (hip) practiced in full on Thursday.,"Allen should be good to go for backup duties against the Seahawks in Week 3, although he currently sits in the No. 3 spot. If starting RB Jacory Croskey-Merritt were to miss time, Allen could end up being the team’s lead rusher.",Ben Standig,,"Sep 24, 2026",
Chig Okonkwo,WAS,Tight End,Commanders TE Chig Okonkwo (hamstring) did not practice on Thursday.,Okonkwo is on the wrong side of questionable at this point. He sat out in Week 2 and has not yet resumed practicing. Backup TE Ben Sinnott earned just one target last week. He does not need to be rostered.,Ben Standig,,"Sep 24, 2026",
Jordan Whittington,,,Rams WR Jordan Whittington (quad) was limited on Thursday.,It is unclear whether the Rams will get their backup wide receiver back. Whittington cannot be treated as a reliable FLEX starter if he plays in place of WR Puka Nacua (hip) this week.,Los Angeles Rams,,"Sep 24, 2026",
Christian Watson,GB,Wide Receiver,Christian Watson caught 7-of-10 targets for 96 yards and a touchdown in the Packers’ Week 3 loss to the Falcons.,"Watson now has four touchdowns through three games while ranking one target behind Matthew Golden for the team lead at 29. Even better news for fantasy managers is the fact that we’re likely to see this sudden spike in pass volume continue forward given the current state of the Green Bay backfield and offensive line, meaning fantasy managers can continue to start Watson as a legitimate WR1 ahead of a road meeting with the pass-funnel Buccaneers in Week 4.",,,"Sep 24, 2026",
Matthew Golden,GB,Wide Receiver,Matthew Golden caught 5-of-12 targets for 100 yards and a touchdown in the Packers’ Week 3 loss to the Falcons.,"It took Golden deep into the fourth quarter of Week 3 of his sophomore campaign to notch his first regular season touchdown, doing so by making a nice adjustment on a ball thrown behind him on a slant in the red zone. Golden leads the Packers with 30 targets through three games and should continue to bring weekly WR3 production, with upside for WR2 output, while operating as the X-type receiver in a Matt LaFleur offense. Increasing those chances is an offensive line that ranks as one of the worst units in the league that is paired with the absence of Josh Jacobs to bring zero run game support to Jordan Love and the Packers, making increased weekly pass volume something we’re likely to see carry forward in the immediate future. Golden is an upside WR2 ahead of a Week 4 matchup against the pass-funnel Buccaneers.",,,"Sep 24, 2026",
Terrance Ferguson,,,Rams TE Terrance Ferguson (ankle) practiced in full on Thursday.,Ferguson should be good to go for the Rams’ Week 3 game against the Broncos. He posted a 6/54/1 receiving line with WR1 Puka Nacua (hip) sidelined last week and could again serve as the Rams’ de facto No. 2 pass-catcher this week.,Los Angeles Rams,,"Sep 24, 2026",
Cooper Kupp,SEA,Wide Receiver,Seahawks WR Cooper Kupp (back) practiced in full on Thursday.,"Kupp will not be fantasy-relevant in 12-team managed leagues this week, but he could be an option in single-game DFS tournaments. If QB Sam Darnold (glute) can play, he will appreciate having Kupp on the field with him.",Brady Henderson,,"Sep 24, 2026",
Jadarian Price,SEA,Running Back,Seahawks RB Jadarian Price (chest) was limited on Thursday.,"Price is on track to play in Week 3 against the Commanders, but he remained limited today while receiving specialist, running back George Holani (knee) upgraded to full participation. North-south running back Emanuel Wilson led the team with 21 carries in Week 2. The Seahawks could employ a committee again this week.",Brady Henderson,,"Sep 24, 2026",
Sam Darnold,SEA,Quarterback,Seahawks QB Sam Darnold (glute) practiced in full on Thursday.,"Darnold said today that he is “striving” to play in Week 3 against the Commanders. It sounds like his striding is going well, too. The Seahawks’ starting quarterback is now seemingly on track to play on Sunday. Darnold’s strained glute tendon has healed faster than expected. If active, he can be treated as a high-end QB2.",Brady Henderson,,"Sep 24, 2026",
Marvin Mims,DEN,Wide Receiver,Broncos WR Marvin Mims (foot) was limited on Thursday.,"Mims has a chance to return this week, but his availability is not yet guaranteed. Regardless, he is not fantasy-relevant in 12-team leagues. He more so functions as a slight target share problem for other Broncos pass catchers.",Parker J. Gabriel,,"Sep 24, 2026",
Jonah Coleman,DEN,Running Back,Broncos RB Jonah Coleman (ankle) did not practice on Thursday.,"The burly rookie has not yet resumed practicing, while both RB J.K. Dobbins (hamstring) and RB RJ Harvey (hamstring) upgraded to full participation today. Coleman should remain stashed on fantasy football benches.",Parker J. Gabriel,,"Sep 24, 2026",
RJ Harvey,DEN,Running Back,Broncos RB RJ Harvey (hamstring) practiced in full on Thursday.,"Harvey is on track to return in Week 3 against the Rams after sitting out the Broncos’ Week 2 game against the Jaguars. With RB Jonah Coleman (ankle) ailing, Harvey could take on a slightly larger-than-normal workload, though not enough to treat him as anything higher than a FLEX option.",Parker J. Gabriel,,"Sep 24, 2026",
J.K. Dobbins,DEN,Running Back,Broncos RB J.K. Dobbins (hamstring) practiced in full on Thursday.,"Hamstring cramps forced Dobbins to leave the Broncos’ Week 2 game against the Jaguars, but it appears as though his soft tissue is feeling better. A mid-week upgrade to full participation is a great sign for his Week 3 availability. He is an RB2 if active against the Rams.",Parker J. Gabriel,,"Sep 24, 2026",
Puka Nacua,,,Rams WR Puka Nacua (hip) did not practice on Thursday.,"Nacua seems unlikely to play in Week 3 against the Broncos. Rams coach Sean McVay said earlier today that Nacua is “not making great progress,” and his practice participation level reflects that. Rams WR Davante Adams can be treated as a WR1 this week if Nacua is unable to play.",Nate Atkins,,"Sep 24, 2026",
Mike Evans,SF,Wide Receiver,49ers WR Mike Evans (hip) did not practice on Thursday.,"Evans, 33, can still play on game day, even with very limited practice reps. Reliable veterans do not need the same practice level as youngsters. We likely just need to see him resume practicing tomorrow. 49ers coach Kyle Shanahan said earlier this week that Evans will “have to be managed this week,” so the current state of things is somewhat unsurprising. If active, Evans can be viewed as a WR2.",Matt Maiocco,,"Sep 24, 2026",
Cooper Rush,ATL,Quarterback,"Falcons declared QB Cooper Rush, QB Jack Strand, CB Malcolm Dewalt, CB Robert Longerbeam, EDGE Samson Ebukam and OT Ethan Onianwa inactive for Week 3 against the Packers.","Rush sits ahead of Strand on the depth chart and has been labeled as this evening’s emergency third quarterback. Hopefully, it doesn’t come to that. Week 3 marks QB Michael Penix’s return to action following last year’s season-ending knee injury.",D. Orlando Ledbetter,,"Sep 24, 2026",
Jayden Reed,GB,Wide Receiver,"Packers declared WR Jayden Reed, RT Zach Bako-Bewele, LG Aaron Banks, DT Warren Brinson and DT Anthony Campbell inactive for Week 3 against the Falcons.","Reed may not return in 2026, and Bako-Bewele suffered a season-ending knee injury. The Packers will also be without Banks, their starting left guard, though the Falcons are without both starting edge rushers right now due to suspension and injury. Packers DT Javon Hargrave (knee/concussion) is active.",Tom Silverstein,,"Sep 24, 2026",
Will Shipley,PHI,Running Back,Eagles RB Will Shipley (foot) did not practice on Thursday.,"Shipley totaled nine touches last week, with RB Saquon Barkley dealing with a stinger. Apparently, he picked up a foot injury along the way. Shipley does not need to be rostered in 12-team leagues.",Zach Berman,,"Sep 24, 2026",
Tank Bigsby,PHI,Running Back,Eagles RB Tank Bigsby (abdomen) did not practice on Thursday.,"Earlier this week, Bigsby was a candidate to start in Week 3 against the Bears, with RB Saquon Barkley (stinger) set for an MRI. Barkley’s imaging went well, and he was back at practice in a limited capacity today. Bigsby remains a worthwhile bench stash, but he should no longer be viewed as a Week 3 contributor in fantasy lineups.",Zach Berman,,"Sep 24, 2026",
DeVonta Smith,PHI,Wide Receiver,Eagles WR DeVonta Smith (hamstring) did not practice on Thursday.,"This is unfortunate. Smith dealt with a hamstring injury back in August, but rehabbed it successfully before the season began. The Eagles have an extra day to rest, with their Week 3 game against the Bears airing as this week’s Monday Night Football game, but he must be treated as questionable to play at this time. Eagles WR Dontayvion Wicks would handle No. 1 wide receiver duties if Smith cannot play.",Zach Berman,,"Sep 24, 2026",
Mason Rudolph,PIT,Quarterback,NFL Network’s Ian Rapoport said Steelers QB Mason Rudolph and Chiefs QB Justin Fields are potential trade targets for the Giants.,"Rudolph has been discussed as a potential trade target in past seasons, and the Steelers notably kept four quarterbacks on the roster after cut-down day. Fields, we suppose, could be expendable if the Chiefs really like rookie QB Garrett Nussmeier.",Ian Rapoport,,"Sep 24, 2026",
Caleb Williams,CHI,Quarterback,NFL Network’s Ian Rapoport reports that Bears QB Caleb Williams (hamstring) is not expected to play in Week 3 against the Eagles.,"This isn’t much of an update, but it bears noting. Williams is considered week-to-week at this point. He is not practicing, nor is QB2 Tyson Bagent (concussion). Bagent might have a better chance to play than Williams does, but neither player is on the right side of questionable. Bears QB3 Case Keenum will “likely” start on Monday Night Football against the Eagles in Week 3.",Ian Rapoport,,"Sep 24, 2026",
Ladd McConkey,LAC,Wide Receiver,Chargers WR Ladd McConkey (ribs) practiced in full on Thursday.,"That makes two full practices for the Chargers’ star wide receiver. Unless he suffers a setback, McConkey will suit up on Sunday to take on the Bills. He was on the field for 24-of-34 passing plays last week, and logged just six snaps outside of that. Hopefully, he can stay on the field for almost all of QB Justin Herbert’s dropbacks this week. McConkey should be in fantasy lineups.",Los Angeles Chargers,,"Sep 24, 2026",
Brenen Thompson,LAC,Wide Receiver,Chargers WR Brenen Thompson (quad) did not practice on Thursday.,"The Chargers’ rookie speedster is on the wrong side of questionable. Thompson is not fantasy-relevant on his own, but having him available is a plus for the offense overall. He will likely miss the Chargers’ Week 3 game against the Bills, though.",Los Angeles Chargers,,"Sep 24, 2026",
Rashawn Slater,LAC,Tackle,Chargers LT Rashawn Slater (groin) practiced in full on Thursday.,"Chargers RG Cole Strange (pec) also upgraded to full participation today. Chargers G/T Trey Pipkins (knee) and LG Kayode Awosika (fibula) remained sidelined. Slate and Strange’s improvements are encouraging, but this unit is still in rough shape. Hopefully, everyone can remain setback-free.",Los Angeles Chargers,,"Sep 24, 2026",
Chris Jones,KC,Defensive Tackle,Chiefs DT Chris Jones (calf) was limited on Thursday.,"Jones should be good to go for Week 3 against the Dolphins, but the calf injury is certainly limiting him. The Chiefs’ D/ST should have a good game, given the Dolphins’ offensive struggles.",Matt McMullen,,"Sep 24, 2026",
Chris Bell,MIA,Wide Receiver,Dolphins WR Chris Bell said he will play in Week 3 against the Chiefs despite being limited in practice by fluid and soreness in his knee.,"Bell said the fluid and soreness have been bothering him since Week 1, but he has been pushing through it. The team is now limiting his practice reps so he can spend extra time working with the training staff. As far as how it impacts him, Bell said he has to spend more time warming up than he has in the past to avoid stiffness. Bell tore his ACL in November 2025. He is not yet running a full complement of routes and will likely remain on a snap count, at least in the short term.",David Furones,,"Sep 24, 2026",
Barion Brown,NO,Wide Receiver,Saints WR Barion Brown (hamstring) did not practice on Thursday.,It seems like Brown is very unlikely to play at this point. His agility and long speed define his game as a gadget player and return specialist. His absence could benefit WR2 Devaughn Vele and WR Bryce Lance.,Mike Triplett,,"Sep 24, 2026",
Kendre Miller,NO,Running Back,Saints RB Kendre Miller (illness) did not practice on Thursday.,"Illnesses very rarely sideline players on game day, though this is worth tracking. Saints committee leader, RB Travis Etienne, remains limited by a hamstring injury. Saints RB2 Alvin Kamara could log a decent touch count this weekend against the Raiders, though he is a fairly inefficient player at this point.",Mike Triplett,,"Sep 24, 2026",
Travis Etienne,NO,Running Back,Saints RB Travis Etienne (hamstring) was limited on Thursday.,"Etienne remains limited, which keeps him in the questionable camp for the Saints’ Week 3 game against the Raiders. Saints RB3 Kendre Miller was sidelined by an illness, but those rarely impact NFL players’ availability on game day. Veteran RB Alvin Kamara should be rostered wherever he is available.",Mike Triplett,,"Sep 24, 2026",
Jakobi Meyers,,,Jakobi Meyers (thumb) remained limited on Thursday.,Meyers played through this thumb listing last week and was limited in back-to-back sessions to start the week; he should be considered likely to play against the Patriots.,,,"Sep 24, 2026",
Trey Hendrickson,BAL,Outside Linebacker,Ravens EDGE Trey Hendrickson (finger) was limited on Thursday.,"Hendrickson reportedly broke his finger “into several pieces” last week, yet still managed to record six quarterback pressures and one sack in Week 2. He should play again in Week 3 against the Cowboys in Brazil.",Baltimore Ravens,,"Sep 24, 2026",
Mason Taylor,NYJ,Tight End,Mason Taylor (thumb) did not practice on Thursday.,"He’s considered week-to-week and didn’t practice on either of the first two days of the week. Taylor will likely be ruled out on Friday, opening the door for Kenyon Sadiq to see a workload elevation against the Lions.",,,"Sep 24, 2026",
Cairo Santos,CHI,Kicker,Bears K Cairo Santos (right hip) did not practice on Thursday.,"The Bears cannot catch a break. If Santos remains sidelined tomorrow, there’s a decent chance the front office will host a free agent tryout.",Chicago Bears,,"Sep 24, 2026",
Adonai Mitchell,NYJ,Wide Receiver,Jets WR Adonai Mitchell (finger) was limited in Thursday’s practice.,"Mitchell was a surprise add to the report on Thursday after practicing in full on Wednesday. It’s a concerning one for the Jets, who figured to build a lot of the passing game around Mitchell, and who have just four healthy wideouts on the roster. We’ll see how this pans out on Friday, but his status is certainly in at least a little jeopardy.",,,"Sep 24, 2026",
Tyson Bagent,CHI,Quarterback,Bears QB Tyson Bagent (concussion) did not practice on Thursday.,"The Bears’ QB1 Caleb Williams (hamstring) and QB2 Bagent are both sidelined, leaving QB3 Case Keenum to take first-team reps. If Bagent can clear the NFL’s concussion protocol soon, he has a chance to start in Week 3 against the Eagles on Monday Night Football, but Keenum looks like the most likely starter.",Chicago Bears,,"Sep 24, 2026",
Michael Pittman,PIT,Wide Receiver,Michael Pittman (foot) was limited in Thursday’s practice.,"It seems like he’s trending towards playing, though Mike McCarthy seemed unsure about it earlier in the week. That’s two straight limited tags for Pittman. Friday will likely determine if he winds up with a questionable tag or not.",,,"Sep 24, 2026",
Jaylen Warren,PIT,Running Back,Jaylen Warren (shoulder) was limited in Thursday’s practice.,"He seems well in line to play and, given Rico Dowdle’s second-straight missed practice, could assume the bulk of the load against the Bengals in Week 3. That sentence would have sounded better before Cincinnati reinforced the interior with Dexter Lawrence this offseason.",,,"Sep 24, 2026",
DeMarvion Overshown,DAL,Linebacker,Cowboys ruled out LB DeMarvion Overshown (hamstring) for Dallas’ Week 3 game against the Ravens.,"No surprise, as he was expected to be ruled out following Wednesday. The Cowboys also ruled out CB Cobie Durant, S Malik Hooker and S P.J. Locke, each of whom are dealing with long-term ailments.",,,"Sep 24, 2026",
Kyle Monangai,CHI,Running Back,Bears RB Kyle Monangai (knee) did not practice on Thursday.,"Monangai dealt with a knee injury in August that sidelined him for multiple weeks. He logged 12 touches in Week 1, then managed a hamstring injury last week before handling another 12 touches in Week 2. The robust running back will likely be good to go for the Bears’ Week 3 Monday Night Football game against the Eagles, but Monangai’s practice status is worth tracking.",Chicago Bears,,"Sep 24, 2026",
Caleb Williams,CHI,Quarterback,Bears QB Caleb Williams (hamstring) did not practice on Thursday.,"Williams is unable to practice today, as expected. Bears QB3 Case Keenum took first-team reps yesterday, with Williams’ primary backup, QB Tyson Bagent, having been placed in the NFL’s concussion protocol. Bagent did not practice today either. The Bears face the Eagles on Monday night. Keenum is currently the most likely player to get the start this week.",Chicago Bears,,"Sep 24, 2026",
Xavier Legette,CAR,Wide Receiver,Panthers WR Xavier Legette (knee) did not practice on Thursday.,"On Monday, Legette told reporters that he was scheduled to undergo an MRI. He practiced fully on Wednesday, so everything seemed to be all good. Evidently, he was not feeling well enough to practice today, though. Legette mostly serves as a distraction for safeties, though he did catch a 55-yard touchdown in Week 2.",Joe Person,,"Sep 24, 2026",
Trevor Etienne,CAR,Running Back,Trevor Etienne (ankle) said he will be ready to come off injured reserve before Week 5’s game against the Eagles.,"Etienne suffered a high-ankle sprain in the final preseason game. He may return as the nominal No. 2 back behind Chuba Hubbard after Jonathon Brooks was injured in Week 2, giving him non-zero deep-league value.",Joseph Person,,"Sep 24, 2026",
Aaron Jones,MIN,Running Back,Vikings RB Aaron Jones (knee) resumed practicing on Thursday.,"Jones, 31, injured his knee in Week 2 against the Bears and sat out yesterday’s practice. The fact that he is back today puts him on track to play. He will likely be listed as a limited participant, but a full session would be unsurprising. Jones is backed up by rookie RB Demond Claiborne, who would likely handle lead back duties if Jones were to miss time, and receiving specialist RB DeeJay Dallas.",Kevin Seifert,,"Sep 24, 2026",
DeVonta Smith,PHI,Wide Receiver,"The Philadelphia Inquirer’s Jeff McLane reports that Eagles WR DeVonta Smith “is warming up, but he isn’t in pads” on Thursday.","It sounds like Smith may end up being listed as a limited participant. We will learn more when the injury report comes out later today. Hopefully, this is just veteran rest as the Eagles gear up for a Week 3 Monday Night Football game against the Bears. Eagles WR Dontayvion Wicks took a hard fall in Week 2 and missed a few plays. He later told reporters that he “will be good.” If Wicks is indeed good and Smith is not, Wicks would operate as the receiving corps’ top option.",Jeff McLane,,"Sep 24, 2026",
Tyjae Spears,TEN,Running Back,Tyjae Spears (ankle) is not practicing on Thursday.,It puts him in a tenuous spot to play in Week 3’s game against the Giants. Spears will likely need some sort of practice participation on Friday to have a real shot at suiting up after missing each of the first two sessions of the week with this ankle injury.,Turron Davenport,,"Sep 24, 2026",
Tony Pollard,TEN,Running Back,Titans RB Tony Pollard (ankle) is practicing on Thursday.,"Pollard could be in line for a boost if he plays and Tyjae Spears sits, as the Titans haven’t really shown much interest in using their other running backs so far. Nicholas Singleton played just six snaps last week. Pollard missed practice Wednesday but seems to be in line to play after today’s session.",Turron Davenport,,"Sep 24, 2026",
Tank Bigsby,PHI,Running Back,Tank Bigsby (undisclosed) is not practicing on Thursday,"Journalists have videos of him working out on the side, so this doesn’t necessarily close the door on Bigsby playing on Monday Night, but it’s yet another Waiver Wire Week 3 rug pull possibility. With Saquon Barkley actually practicing, it’s possible Bigsby has zero standalone value this week against the Bears.",Brooks Kubena,,"Sep 24, 2026",
Saquon Barkley,PHI,Running Back,The Philadelphia Inquirer’s Jeff McLane reports that Eagles RB Saquon Barkley (stinger) expects to play in Week 3 against the Bears.,"Per McLane, Barkley is suited up and present at Thursday’s practice. This puts him on track to face the Bears on Monday Night Football. Barkley underwent an MRI earlier this week. Apparently, the results were good. The Eagles’ No. 1 running back should be good to go, although he may end up logging a limited session to begin the week, as a precaution.",Jeff McLane,,"Sep 24, 2026",
Malik Nabers,NYG,Wide Receiver,Malik Nabers (shoulder) said his shoulder feels good and x-rays came back with positive results.,"Nabers speaking to the media is likely also good news for his availability on Sunday. The 23-year-old wideout is practicing and upgraded to full today, so he’s likely to be good to go and has a chance at avoiding a questionable tag on Friday altogether.",SNY Giants,,"Sep 24, 2026",
Brock Bowers,LV,Tight End,Raiders TE Brock Bowers (knee) was seen practicing on Thursday.,"This is great to see. Bowers has now participated in three consecutive practices, dating back to last week. We do not yet know his participation level. He has been limited in his last two appearances. Bowers is seemingly on track to play in Week 3 against the Saints. Treat him as an elite TE1 if he takes the field on Sunday.",Sam Warren,,"Sep 24, 2026",
Joey Porter,PIT,Cornerback,Steelers CB Joey Porter Jr. said he did not request a trade and said he would play when healthy.,"It sounds like he’s still dealing with back flareups from time-to-time. Overall, it’s an encouraging sign for his availability in Week 3 that he spoke to the media, but Porter admitted that he did not know if he’d be ready to go against the Bengals. He remains questionable heading into Friday’s practice report even after doing everything today.",Mike DeFabo,,"Sep 24, 2026",
Ed Oliver,BUF,Defensive Lineman,Bills DT Ed Oliver (hip) resumed practicing on Thursday.,"Oliver now has a chance to face the Chargers in Week 3, though nothing is certain. The Bills’ star interior defender injured his hip during pre-game warmups last week and was unable to play. The Chargers’ banged-up offensive line has underperformed thus far. This is a situation worth monitoring.",Joe Buscaglia,,"Sep 24, 2026",
Eli Raridon,NE,Tight End,Patriots TE Eli Raridon (thigh) was not seen practicing on Thursday.,"Raridon worked off to the side yesterday and ended up being listed as a limited participant. He is not seen with the team again today, so either a light, limited session or a total absence is possible. Either way, Raridon remains firmly in the questionable column, though a second limited session would theoretically put him on track to play in Week 3 against the Jaguars.",Mike Reiss,,"Sep 24, 2026",
DJ Moore,BUF,Wide Receiver,Bills WR DJ Moore (shoulder) was not spotted at practice on Thursday.,Neither was Keon Coleman. Moore grabbed a limited listing on Wednesday while wearing a non-contact jersey in practice; a downgrade would be troubling for his chances of playing in Week 3. Coleman (ankle) has now missed the first two days of the week and would need a comeback on Friday to get on the questionable line.,Joe Buscaglia,,"Sep 24, 2026",
Jalen Coker,CAR,Wide Receiver,Panthers WR Jalen Coker (ankle) was not seen practicing on Thursday.,"Coker is not wearing a uniform today, so we expect him to be a non-participant on the official injury report, which should come out in less than 90 minutes. We will provide an update if he ends up being listed as limited, or somehow inexplicably full. Coker played through the ankle injury last week, posting an 8/66 receiving line, so we like his odds of suiting up and playing effectively this week. This could just be a rest day. He was limited yesterday. Stay tuned.",Joe Person,,"Sep 24, 2026",
Andrew Thomas,NYG,Tackle,Giants LT Andrew Thomas (groin) was not seen practicing on Thursday.,"Thomas left the Giants’ Week 2 game against the Rams with a groin injury. He dealt with an ankle injury in practice last week. It is possible that fill-in starter, QB Jameis Winston, will be without his top pass protector in Week 3 against the Titans. Thomas was limited yesterday. It appears as though he will be a DNP today.",Jordan Raanan,,"Sep 24, 2026",
Chris Bell,MIA,Wide Receiver,Dolphins WR Chris Bell (knee) was seen working off to the side on Thursday.,"According to the Sun Sentinel’s David Furones, Bell mostly worked on the side and went inside before the portion of practice open to the media ended. Bell could end up being listed as a limited participant today, but he is clearly barely participating. It would not be surprising to see a DNP next to his name later today. He was limited yesterday. Bell underwent ACL reconstruction late last year. Hopefully, they are only managing soreness.",David Furones,,"Sep 24, 2026",
Caleb Douglas,MIA,Wide Receiver,Dolphins WR Caleb Douglas (ankle) was not seen practicing on Thursday.,"We expect Douglas to be listed as a non-participant today, just like yesterday. Douglas got his ankle rolled up on in Week 2, which is always a concerning injury. Fortunately, his foot was only planted for a moment, so he may have avoided the worst-case scenario. He was later seen wearing a boot. The prudent move is to expect Douglas to miss Week 3. Fellow Dolphins WR Chris Bell (knee) will either be listed as a non-participant or limited, but it sounds like it would be a very light limited, if so.",David Furones,,"Sep 24, 2026",
Cyrus Allen,KC,Wide Receiver,"When asked about Chiefs WR Cyrus Allen, WR coach Chad O’Shea said rookie wide receivers are “always a work in progress.”","You don’t say, Chad. Allen was the talk of Chiefs training camp. Beat reporters celebrated his ability to beat man coverage and win over the middle of the field — two aspects that help wide receivers thrive in fantasy. Unfortunately, Allen has logged just four offensive snaps this season. O’Shea adds that Allen is improving every day, both “fundamentally and schematically.” Good for him. The once-intriguing rookie is droppable in 12-team formats, though an in-season breakout remains possible. Theoretically.",Charles Goldman,,"Sep 24, 2026",
Zay Flowers,BAL,Wide Receiver,Ravens WR Zay Flowers (hamstring) was not seen practicing on Thursday.,"Beat reporters observed Flowers working out on his own before practice, but the Ravens’ No. 1 wide receiver headed back inside the building before his teammates took the field. ESPN’s Jamison Hensley wrote, “it’s looking like Baltimore will be without Flowers for a second consecutive game.” The team downplayed Flowers’ Week 1 hamstring aggravation, but he is currently on the wrong side of questionable. The Ravens depart for Brazil this evening and arrive on Friday morning. If Flowers travels, he may have a chance to play, though he will carry re-injury risk.",Jamison Hensley,,"Sep 24, 2026",
Josh Jacobs,GB,Running Back,"ESPN’s Rob Demovsky reports, “Judge Marc Hammer denied the request by the victim in the Josh Jacobs case to have the records permanently sealed.”","He added that the matter has been turned over to the Hobart/Lawrence police department, which is now in charge of determining whether or not the video will be released. Jacobs or the victim can then appeal that decision. The NFL has been adamant about getting the video before determining Jacobs’ pending suspension, and this increased the odds of that happening. Still, Jacobs could try to prevent that through the appeal process. Jacobs is believed to be facing a 4-6 game suspension, but the NFL can increase the length because of aggravating circumstances. This legal matter is inching toward a resolution, but a clash over the video would likely delay things even further.",Rob Demovsky,,"Sep 24, 2026",
Rico Dowdle,PIT,Running Back,Rico Dowdle (toe) did not practice Thursday.,"Penn Live’s Nick Farabaugh did note that Dowdle has shed his boot. He injured his toe in Week 2’s loss to the Pats but pushed through the issue in the second half. He was spotted in a boot on Wednesday. It looks like Dowdle will miss Week 3, but shedding the boot this quickly is a good sign that he isn’t dealing with a long-term issue. Jaylen Warren would vault into the RB2 ranks if Dowdle is ruled out before kickoff.",Nick Farabaugh,,"Sep 24, 2026",
Nico Collins,HOU,Wide Receiver,Nico Collins (hamstring) did not practice Thursday.,"After missing the first two sessions of the week, we fully expect Collins to be ruled out on tomorrow’s run of the injury report. No receiver caught more than three passes with Collins sidelined for Week 2. Dalton Schultz, on the other hand, exploded for 140 yards on 12 grabs and an absurd 14 targets. He is firmly in the TE1 ranks for Week 3 versus the Colts.",Aaron Wilson,,"Sep 24, 2026",
A.J. Brown,NE,Wide Receiver,ESPN’s Adam Schefter reports A.J. Brown (ankle) is expected to miss 6-8 weeks.,"Schefter and other reporters previously called it a 4-6 week injury, which now seems unlikely. Schefter did add that Brown is moving “pretty well” and could come back on the faster side of his updated timeline. Still, it looks like Brown will miss at least half of the regular season. Romeo Doubs will operate as the team’s No. 1 receiver until he returns, though it will likely be a group effort to replace Browns’ production. Mack Hollins and Demario Douglas will also be more involved.",Adam Schefter,,"Sep 24, 2026",
Gardner Minshew,ARI,Quarterback,ESPN’s Adam Schefter named Gardner Minshew and Mac Jones as potential trade candidates for the Giants.,"Jaxson Dart will miss the rest of the regular season, though there’s hope he could return for a postseason run. Schefter noted that Minshew played under Giants OC Matt Nagy in Kansas City, giving him some familiarity with the team’s scheme. He also mentioned that it will not be cheap to pry Jones away from the 49ers. Jimmy Garoppolo is out there as well. He is a free agent and is reportedly still interested in playing, “in the right situation.” For now, the Giants are going to roll with Jameis Winston. Jake Haener will back him up. They will likely add someone as an extra backup option, but Winston is an interesting QB2 for fantasy purposes until they make a bigger addition.",Adam Schefter,,"Sep 24, 2026",
Puka Nacua,,,Sean McVay said Puka Nacua (groin) is “not making great progress.”,"In a surprisingly candid interview with ESPN Los Angeles, McVay certainly did not sound optimistic that Nacua would play in Week 3. Nacua has already missed one practice this week and there’s been no indication that he will get back on the field over the next two days. Davante Adams racked up 195 yards and two scores with Nacua out in Week 2. It will be hard not to rank him as a WR1 once Nacua is ruled out. Terrance Ferguson operated as the team’s No. 2 receiver last week and will be in the TE1 mix without Nacua.",ESPN Los Angeles,,"Sep 24, 2026",
Jacoby Brissett,ARI,Quarterback,Cardinals QB Jacoby Brissett (hip) was a full practice participant on Wednesday.,"Brissett seemingly dealt with an injury in the Cardinals’ Week 2 loss against the Seahawks, but played through it. He opens the week listed with a hip injury but was a full practice participant. Though Brissett seems to have a hip issue ailing him, it does not seem like it will keep him from playing. The veteran remains in the low-end QB2 conversation for Week 3 against the 49ers.",,,"Sep 23, 2026",
Malik Nabers,NYG,Wide Receiver,Malik Nabers (shoulder) said his shoulder feels good and x-rays came back with positive results.,"Nabers speaking to the media is likely also good news for his availability on Sunday. The 23-year-old wideout is practicing, so he’s likely to be good to go and has a chance at avoiding a questionable tag on Friday altogether.",SNY Giants,,"Sep 24, 2026",
Demarcus Robinson,SF,Wide Receiver,49ers WR Demarcus Robinson (ankle) did not participate in Wednesday’s practice.,"Robinson suffered an ankle injury in the 49ers’ Week 2 win over the Dolphins. The initial diagnosis was that the veteran would miss some time and his DNP designation Wednesday indicates just that. With Mike Evans (hip) also not practicing, the 49ers’ receiving corps is getting thinner than it already was.",,,"Sep 23, 2026",
Cooper Kupp,SEA,Wide Receiver,Seahawks WR Cooper Kupp (back) was limited in Wednesday’s practice.,Kupp also opened last week with a limited practice due to the back injury before getting in two full practices and playing in Week 2. His limited designation Wednesday is likely a continuation of veteran workload management for his back; fantasy managers should not be surprised to see the 33-year-old limited on Wednesdays this season.,,,"Sep 23, 2026",
Kaytron Allen,WAS,Running Back,Commanders RB Kaytron Allen (hip) was limited in Wednesday’s practice.,Allen popped up on the injury report as a limited participant due to a hip injury. The rookie has seen limited touches as the Commanders’ third-string back and is still buried in the depth chart. Also limited was WR Jaylin Lane (groin). Lane is likely to play as he played through the injury in Week 2. Allen’s status is up in the air; practice reports from later in the week will paint a clearer picture.,,,"Sep 23, 2026",
Jadarian Price,SEA,Running Back,Seahawks RB Jadarian Price (chest) was limited in Wednesday’s practice.,"Price entered Wednesday expected to practice and officially received a limited designation due to a chest injury he suffered in Week 2. Also limited was George Holani (knee). With both backs starting out limited, their Week 3 statuses are up in the air. If one or both can’t go, Emanuel Wilson is the primary beneficiary for fantasy purposes against the Commanders.",,,"Sep 23, 2026",
Sam Darnold,SEA,Quarterback,Seahawks QB Sam Darnold (glute) was limited in Wednesday’s practice.,"Darnold was officially listed as a limited practice participant on Wednesday, returning to practice for the first time since his opening day injury. He split first-team reps with Drew Lock and did some throwing off to the side. The Seahawks will make a decision Friday on Darnold’s game status for Week 3 but the 29-year-old has an outside chance of returning against the Commanders.",,,"Sep 23, 2026",
Ed Oliver,BUF,Defensive Lineman,Bills DT Ed Oliver (hip) did not participate in Wednesday’s practice.,Oliver suffered a hip injury during warmups of the Bills’ Week 2 win over the Lions. He did not play in the game and now starts out Week 3 not practice. Oliver could certainly still go this week against the Chargers but he will likely need at least a limited practice to be in consideration to play.,,,"Sep 23, 2026",
Keon Coleman,BUF,Wide Receiver,Bills WR Keon Coleman (ankle) did not participate in Wednesday’s practice.,"Coleman pops up on the injury report with an ankle injury and did not practice on Wednesday. He briefly left the Bills’ Week 2 game against the Lions due to the ankle, but returned and finished the game. Coleman’s status for Week 3 is now in jeopardy; with DJ Moore (shoulder) also on the injury report, the Bills’ wide receiver groups may look slim come Sunday against the Chargers.",,,"Sep 23, 2026",
DJ Moore,BUF,Wide Receiver,Bills WR DJ Moore (shoulder) was limited in Wednesday’s practice.,Moore was officially listed as limited after wearing a red non-contact jersey in practice. He left the Bills’ Week 2 game last Thursday and did not return with this shoulder injury. It’s a good sign that he is practicing but the non-contact jersey indicates Moore still has a ways to go before being cleared to play Week 3 against the Chargers.,,,"Sep 23, 2026",
Malik Nabers,NYG,Wide Receiver,Giants WR Malik Nabers (shoulder) was limited in Wednesday’s walkthrough.,"Nabers hurt his shoulder in the Giants’ Week 2 loss to the Rams, staying in the game and catching zero passes after the injury. The Giants had a walkthrough practice on Wednesday, listing Nabers as limited. When asked if the 23-year-old had X-rays done, head coach John Harbaugh gave his usual vague answer, saying, “I don’t know.” A limited practice listing indicates Nabers is not dealing with a major issue, but his practice status is worth monitoring leading up to Week 3 against the Titans.",Pat Leonard,,"Sep 23, 2026",
Ladd McConkey,LAC,Wide Receiver,Chargers WR Ladd McConkey (rib) was a full participant in Wednesday’s practice.,"McConkey was a full participant in practice after getting in a limited practice last week and playing in Week 2 against the Raiders. The 24-year-old was limited by both the injury and the Chargers’ stagnant offense but looks to be healing enough to practice fully this week. McConkey is trending to play Week 3 against the Bills, where he will be in the low-end WR2 mix.",,,"Sep 23, 2026",
Rashawn Slater,LAC,Tackle,Chargers OT Rashawn Slater (groin) was limited in Wednesday’s practice.,"Slater popped up on the injury report with a groin issue, getting in a limited practice Wednesday. Multiple other members of the Chargers’ offensive line were also in the injury report, with G Cole Strange (pec) getting in a limited practice and G/T Trey Pipkins (knee) and G Kayode Awosika (fibula) not practicing. There is no indication yet that Slater will miss time but the Chargers offensive line is already banged up early in the season.",,,"Sep 23, 2026",
Jordan Whittington,,,Jordan Whittington (quad) did not practice Wednesday.,"Whittington missed Week 2 with the quad injury and doesn’t look likely to return this week. Xavier Smith and Konata Mumpfield each ran a little over half of the routes last week, though they combined for just three targets. With Tutu Atwell also in the mix for the WR2 role, there isn’t a clear fantasy winner here despite the bevy of injuries.",,,"Sep 23, 2026",
Terrance Ferguson,,,Terrance Ferguson (ankle) was limited in Wednesday’s practice.,"Coming off a nine-target day, the Rams are likely giving their new No. 2 receiver a maintenance day, though this is still an injury report to keep an eye on throughout the week. Puka Nacua, Jordan Whittington, and Colby Parkinson were all on the sidelines for today’s practice. With even just Nacua out, Ferguson projects for a TE1 fantasy role. The other injuries will help push him up the Week 3 ranks.",,,"Sep 23, 2026",
Marvin Mims,DEN,Wide Receiver,Broncos WR Marvin Mims (foot) was limited on Wednesday.,"Mims is still working his way back after aggravating his foot injury in Week 1 against the Chiefs. Although his early participation is a good sign for his Week 3 availability, the Broncos will likely play things extra cautiously this time around.",Denver Broncos,,"Sep 23, 2026",
Colby Parkinson,,,Colby Parkinson (knee) did not practice Wednesday.,"The Rams have leaned on multi-TE sets when Puka Nacua has missed time or been limited over the past year, so losing Parkinson would be another notable loss for the offense. Even if he plays, this injury all but locks in Terrance Ferguson as the team’s de facto WR2 for Week 3, assuming Nacua remains sidelined. Ferguson is pushing for a TE1 ranking ahead of his Week 3 date with the Broncos.",,,"Sep 23, 2026",
Jonah Coleman,DEN,Running Back,Broncos RB Jonah Coleman (ankle) did not practice on Wednesday.,"What a strange turn of events. Earlier this week, Coleman was viewed as the Broncos’ potential Week 3 starter. Now, RB J.K. Dobbins (hamstring) and RB RJ Harvey (hamstring) are both practicing in a limited capacity while Coleman works in the training room. The rookie running back remains a worthwhile stash, but he may be unable to play this week.",Denver Broncos,,"Sep 23, 2026",
Jalen McMillan,TB,Wide Receiver,Jalen McMillan (knee) is practicing in full for Week 3 against the Vikings.,"McMillan logged three full practices last week but was limited to just seven snaps on Sunday. He was not targeted once. His role should increase as he gets more practice reps under his belt, but fantasy managers can’t count on that happening this week specifically. He is not on the fantasy menu for Week 3.",,,"Sep 23, 2026",
RJ Harvey,DEN,Running Back,Broncos RB RJ Harvey (hamstring) was limited on Wednesday.,"Harvey strained his hamstring in Week 1 and logged two limited sessions in Week 2 practices before being declared inactive on game day. His continued limited practice participation puts him on track to backup starting RB J.K. Dobbins (hamstring), who is also rehabbing after experiencing cramps in Week 2. RB3 Jonah Coleman (ankle) is currently sidelined.",Denver Broncos,,"Sep 23, 2026",
J.K. Dobbins,DEN,Running Back,Broncos RB J.K. Dobbins (hamstring) was limited on Wednesday.,"Hamstring cramps forced Dobbins out of the Broncos’ Week 2 game against the Jaguars. Follow-up reports on the issue have been positive, and it sounds like he has a real chance to play in Week 3 against the Rams, potentially as the leader of a banged-up committee. Keep an eye on his practice participation this week.",Denver Broncos,,"Sep 23, 2026",
Baker Mayfield,TB,Quarterback,Baker Mayfield (illness) is practicing in full for Week 3 against the Vikings.,"Mayfield didn’t speak to reporters after practice because of the illness, but the team didn’t limit his practice reps. It’s possible the Bucs lighten his workload over the next two days, but he should be good to go for Sunday’s game against the Vikings. Mayfield will look to get back on track after a sluggish start to the season. He has fallen into the QB2 ranks until further notice.",,,"Sep 23, 2026",
DeeJay Dallas,MIN,Running Back,DeeJay Dallas (toe) was limited in Wednesday’s practice.,"Dallas should be fine by the time Sunday rolls around, but it’s worth noting given how thin the Vikings are at running back. Jordan Mason is on injured reserve and Aaron Jones came out of Week 2 with a knee injury. He did not practice today and his Week 3 availability is very much in question. Dallas and Demond Claiborne will split the Minnesota backfield if Jones is out. The toe injury could force Kevin O’Connell to give Claiborne a few more touches this week.",,,"Sep 23, 2026",
Ronnie Rivers,,,Rams placed Ronnie Rivers (calf) on injured reserve.,"Sean McVay said Rivers will miss 4-6 weeks. The team will call up one of Dean Connor or Jordan Waters from the practice squad for Week 3. Rivers doesn’t play much on offense, but he would normally be in line for backup duties if something happened to Kyren Williams or Blake Corum.",,,"Sep 23, 2026",
Trent Brown,HOU,Tackle,Trent Brown (knee/wrist) did not practice Wednesdaay.,"Ed Ingram remained sidelined with a groin injury. He did not play in Week 2. Brown had been playing through the wrist issue, but the knee injury is new. With Nico Collins banged up, the last thing Houston needs is another offensive line injury. Blake Fisher would take Brown’s spot at right tackle if he can’t suit up on Sunday.",,,"Sep 23, 2026",
Brock Bowers,LV,Tight End,Raiders TE Brock Bowers (knee) was limited on Wednesday.,"That makes two consecutive limited sessions for Bowers, who resumed practicing on Friday last week. The Raiders’ star tight end and No. 1 pass catcher is on track to play this week against the Saints and can be treated as an elite TE1, as usual, assuming this is the case. It would be great to see Bowers resume practicing in full tomorrow. Stay tuned.",Ryan McFadden,,"Sep 23, 2026",
Puka Nacua,,,ESPN’s Adam Schefter reports that Rams WR Puka Nacua (groin) will not practice on Wednesday.,"Sean McVay was unsure if Nacua would be able to play in Week 3 when asked about it on Tuesday. A DNP today suggests Nacua will need at least one more week of rest before returning to the lineup. Terrance Ferguson finished second on the Rams in targets last week with nine. He caught six passes for 54 yards and a score. No receiver outside of Davante Adams was targeted more than two times. Adams was utterly dominant, turning his 10 targets into 195 yards and two scores. Those are the only two major beneficiaries of Nacua’s likely absence.",Adam Schefter,,"Sep 23, 2026",
Will Johnson,ARI,Cornerback,Cardinals placed CB Will Johnson (neck) on injured reserve,"Cardinals coach Mike LaFleur said on Monday that Johnson (neck) could miss the remainder of the season. ESPN’s Adam Schefter broke the news today about Johnson being placed on injured reserve, though he did not specify whether Johnson’s season is for sure over. Cardinals slot CB Garrett Williams (Achilles) and perimeter CB2 Max Melton (toe) are also dealing with injuries.",Adam Schefter,,"Sep 23, 2026",
Jaxson Dart,NYG,Quarterback,NFL Network’s Mike Garafolo reports that Giants coach John Harbaugh kept “open the possibility for a postseason return” for QB Jaxson Dart (knee).,"Garafolo notes that a meniscus repair typically requires a 4-6 month recovery timeline. If Dart heals at the fastest possible speed, he could return in late January. This seems somewhat unlikely, given the fact that he will also have his MCL surgically fixed and must rehab the injured PCL, but apparently Harbaugh is feeling optimistic. In the meantime, QB Jameis Winston has been named the starter.",Mike Garafolo,,"Sep 23, 2026",
Jameis Winston,NYG,Quarterback,"ESPN’s Jordan Raanan reports that Jameis Winston is the Giants’ starting quarterback, but a trade for another quarterback “is possible.”","Winston played poorly in QB Jaxson Dart’s (knee) stead last week. If he can bounce back, the trade talk might calm down. If not, it will only get louder. The Giants face the Titans in Week 3, which should provide Winston with an opportunity to reasonably support one or two pass catchers in fantasy. Stay tuned.",Jordan Raanan,,"Sep 23, 2026",
Trey Hendrickson,BAL,Outside Linebacker,Ravens EDGE Trey Hendrickson (finger) did not practice on Wednesday.,"Hendrickson recently broke his finger “into several pieces.” Ouch. Hendrickson played through the pain last week, collecting six quarterback pressures and one sack. We expect him to suit up again in Week 3, though the team will manage his reps.",Calvin Watkins,,"Sep 23, 2026",
Jaylen Wright,MIA,Running Back,Jaylen Wright (stinger/foot) was limited in Wednesday’s practice.,"Wright and Ollie Gordon each have three carries this year. De’Von Achane has 31. Even if the backup role gets narrowed to just Gordon, there isn’t any fantasy value to be had behind Achane.",,,"Sep 23, 2026",
Chig Okonkwo,WAS,Tight End,Commanders TE Chig Okonkwo (hamstring) did not participate in Wednesday’s practice.,Okonkwo did not play in Week 2 due to a hamstring injury and now opens this week not practicing. The 27-year-old suffered the injury in Week 1 and has yet to return to practice since then. The Commanders’ tight end depth chart is thin and neither John Bates or Ben Sinnott are worth rostering with Jayden Daniels out.,,,"Sep 23, 2026",
Javon Kinlaw,WAS,Defensive Tackle,Commanders DT Javon Kinlaw (back/shoulder) did not participate in Wednesday’s practice.,Kinlaw dealt with a back injury last week but played in Week 2. He came out of the loss against the Cowboys with an additional injury to the shoulder. Kinlaw’s status for Week 3 is in question as he sits out of practice with back and shoulder issues.,,,"Sep 23, 2026",
Chris Bell,MIA,Wide Receiver,Chris Bell (knee) was limited in Wednesday’s practice.,"This could just be maintenance for a player who is likely still on a pitch count as he continues to put distance between himself and his 2025 torn ACL. On the other hand, Bell has not been on the injury report before today, so we’re at least a little bit concerned. With Caleb Douglas banged up, Bell would have been in line for more routes this week. That’s far less likely now.",,,"Sep 23, 2026",
Chris Jones,KC,Defensive Tackle,Chiefs DT Chris Jones (calf) was limited on Wednesday.,Jones played through the injury last week. His continued practice participation this week is a good sign. He should be good to go for a favorable D/ST matchup against the Dolphins this week.,Pete Sweeney,,"Sep 23, 2026",
Barion Brown,NO,Wide Receiver,Saints WR Barion Brown (hamstring) did not practice on Wednesday.,"Brown generally contributes as a gadget receiver and in the return game. Were he to sit out in Week 3, his absence would likely be a bigger deal for the Saints than it would be for fantasy managers.",,,"Sep 23, 2026",
Joey Porter,PIT,Cornerback,Joey Porter Jr. (conditioning) was limited in Wednesday’s practice.,"Porter was technically ruled out because of his back injury last week. The Steelers aren’t even bothering to list it this time around. The two sides remain at an impasse over a contract extension, and their relationship seems to be spiraling toward a point of no return. We would not expect Porter to return to action for Week 3 versus the Bengals.",,,"Sep 23, 2026",
Michael Pittman,PIT,Wide Receiver,Michael Pittman (foot) was limited in Wednesday’s practice.,"Pittman didn’t practice once last week, so a limited session today is a big step in the right direction. Germie Bernard took his spot in the lineup on Sunday and caught four passes for 35 yards, but he also coughed up a drop that was then intercepted by New England. The mistake all but guarantees his return to the bench once Pittman is healthy.",,,"Sep 23, 2026",
Tyjae Spears,TEN,Running Back,Titans RB Tyjae Spears (ankle) did not practice on Wednesday.,"Spears and starting RB Tony Pollard were both sidelined by ankle injuries today. If the two players are unable to go, rookie RB Nicholas Singleton is the next player up. He is worth stashing on fantasy football benches at this time.",Tennessee Titans,,"Sep 23, 2026",
Jaylen Warren,PIT,Running Back,Jaylen Warren (shoulder) was limited in Wednesday’s practice.,"Warren got a little banged up in the Steelers’ Week 2 loss to the Patriots, but he’s still the team’s healthiest running back of note. Rico Dowdle was in a boot today after injuring his toe in Week 2. He was listed as a DNP and appears to be on the wrong side of questionable to start the week. Even at less than full strength, Warren would likely handle the bulk of the backfield snaps if Dowdle can’t go.",,,"Sep 23, 2026",
Jonathan Allen,CIN,Defensive Tackle,Jonathan Allen (knee) did not practice Wednesday.,Fellow defensive tackle B.J. Hill (Achilles) was also held out of practice. He missed Week 2 and looks likely to sit for at least one more game. Cincy signed Allen to a two-year deal in the offseason. He has already made a big impact with one sack in each of his first two games.,,,"Sep 23, 2026",
Tony Pollard,TEN,Running Back,Titans RB Tony Pollard (ankle) did not practice on Wednesday.,"We were told earlier today that Pollard and Spears are “dealing with some soreness.” Now we know what ails them. The Titans field an unexciting offense, but on the off chance that both Pollard and Spears are unable to play, rookie RB Nicholas Singleton would theoretically be in line for a sizable workload against the Giants this week. Stay tuned.",Tennessee Titans,,"Sep 23, 2026",
Brian Burns,NYG,Outside Linebacker,ESPN’s Adam Schefter reports that Giants EDGE Brian Burns (ankle) “is not expected to need surgery but is likely to miss some time.”,"Burns, 28, has had poor injury luck in recent seasons. He currently accounts for three quarterback pressures and three tackles. The Giants field a deep pass-rushing unit, though, so their D/ST should be okay against the Titans in Week 3.",Adam Schefter,,"Sep 23, 2026",
Zach Charbonnet,SEA,Running Back,Seahawks coach Mike Macdonald said Zach Charbonnet will not return to practice this week.,"Charbonnet still has to sit out two more games while on the PUP list, but he’s eligible to have his three-week practice window opened. That won’t happen this week, though it doesn’t give us much info on his return timeline. Macdonald previously said Charbonnet remained on track with his aggressive timetable, which is, again, rather vague. Fantasy managers with an IR spot can consider stashing Charbonnet, but he’s not worth the roster spot otherwise.",Corbin Smith,,"Sep 23, 2026",
David Bailey,NYJ,Defensive End,Jets EDGE David Bailey (elbow) is practicing in full for Week 3 against the Lions.,"Bailey should be good to go for Week 3. Fellow Jets EDGE Joseph Ossai (foot) is limited to begin the week, and S Minkah Fitzpatrick (groin) remains sidelined. The Lions’ offensive line is banged up. Having both pass rushers available would be helpful.",New York Jets,,"Sep 23, 2026",
Tua Tagovailoa,ATL,Quarterback,Falcons QB Tua Tagovailoa (oblique) was removed from the injury report for Week 3 against the Packers.,Tagovailoa joins a jumbled Falcons backup quarterback group for Thursday Night Football. He does not need to be rostered in 12-team leagues. The Falcons will start QB Michael Penix (knee).,Marc Raimondi,,"Sep 23, 2026",
Austin Ekeler,,,ESPN’s Mike Kaye reports Austin Ekeler is not expected to sign with the Panthers today.,"Ekeler worked out for the Panthers today. Kaye noted that the workout went well, so it’s possible Ekeler lands with the team in the future. With Jonathon Brooks (groin) on injured reserve, the Panthers need to make an addition or two at running back, even just for some extra depth. Regardless of who they sign, Chuba Hubbard is set for a workhorse role for the foreseeable future.",Mike Kaye,,"Sep 23, 2026",
CJ West,SF,Defensive Tackle,49ers placed DT CJ West on injured reserve with a knee injury.,"49ers coach Kyle Shanahan said West suffered a bone chip in his knee. The injury will require surgery. He is expected to return this season. The 49ers correspondingly signed DT Naquan Jones to the active roster and DT Viliami Fehoko to the practice squad, and released CB Jakob Robinson.",Nick Wagoner,,"Sep 23, 2026",
Devin Lloyd,CAR,Linebacker,Devin Lloyd (calf) did not practice Wednesday.,"Lloyd was one of the Panthers’ premier free agent additions this offseason, and he’s already proven to be worth the investment. Lloyd terrorized the Falcons in Week 2 with a sack and two interceptions, one of which was a pick-six. Fellow free agent acquisition Jaelan Phillips was also absent from practice today. He is dealing with a back injury. Though the Browns aren’t a particularly good offense right now, it would still be a massive boon for them if Lloyd and Phillips are out for Week 3.",Joe Person,,"Sep 23, 2026",
Mike Evans,SF,Wide Receiver,49ers WR Mike Evans (hip) did not practice on Wednesday.,"49ers coach Kyle Shanahan told reporters on Monday that Evans would have to be managed this week. Sitting out on Wednesday is hardly surprising and not overly concerning. The 33-year-old wide receiver missed plenty of practice this summer and has looked great thus far. As long as he’s back at it by Friday, we are not concerned.",Vic Tafur,,"Sep 23, 2026",
Anthony Bradford,SEA,Guard,Seahawks placed OG Anthony Bradford on injured reserve with a knee injury.,Bradford missed Week 2 and will now miss at least four more games with the knee injury. The Seahawks also signed S Rodney Thomas to the active roster and signed DT,Bob Condotta,,"Sep 23, 2026",
Jalen Coker,CAR,Wide Receiver,Jalen Coker (ankle) was limited in Wednesday’s practice.,"Coker played through the ankle issue last week and tallied eight catches for 66 yards. He didn’t appear hampered by the injury in the slightest. The team will likely manage his reps in practice for the next few weeks, but there’s no reason to believe he’s at risk of missing Week 3’s game against Cleveland. After two strong performances to start the year, Coker is firmly entrenched in the WR3 ranks. He could crack the top-24 with another big game.",Joe Person,,"Sep 23, 2026",
Jadarian Price,SEA,Running Back,"Seahawks RB Jadarian Price (shoulder) will practice this week, but his Wednesday participation level has not yet been determined.","If Price does practice today, we expect it to be a limited session, since Seahawks coach Mike Macdonald doesn’t even know if Price will suit up today. Fantasy managers should tentatively expect Price to play in Week 3 against the Commanders, but the situation still seems fluid. Seahawks RB Emanuel Wilson will likely remain involved if Price is active. He would take on lead rushing duties if Price cannot go.",Curtis Crabtree,,"Sep 23, 2026",
Sam Darnold,SEA,Quarterback,"Seahawks coach Mike Macdonald said QB Sam Darnold (glute) will resume practicing, but won’t take every rep on Wednesday.","This means Darnold will likely be listed as a limited participant today. The plan is to ramp him up as the week goes on, and Macdonald said the team would like to have a decision by Friday on whether Darnold will face the Commanders this week. The Seahawks’ quarterback has been sidelined since straining a glute tendon in Week 1. He will probably need to be treated as a QB2 with QB1 upside in his first game back, but his practice participation will clarify his readiness.",Brady Henderson,,"Sep 23, 2026",
Brenen Thompson,LAC,Wide Receiver,Brenen Thompson did not practice Wednesday.,"Thompson injured his hip during the preseason and was on the Week 1 injury report as a limited participant twice. He was eventually cleared and has played in both of LA’s losses. Thompson wasn’t on the injury report last week, so this could be a new issue. Either way, the rookie appears to be on the wrong side of questionable for Week 3. He is not on the fantasy radar, but his absence could get Tre’ Harris on the field for a few more routes.",Alex Insdorf,,"Sep 23, 2026",
Eli Raridon,NE,Tight End,ESPN’s Mike Reiss said he expects Patriots TE Eli Raridon (thigh) to be listed as a non-participant on Wednesday.,"This is a bit confusing because Raridon suited up for practice. He did not participate on the main field, though, so Reiss thinks he will be listed as a DNP. A limited listing is possible, but we default to the ESPN reporter here. Raridon does not need to be stashed in 12-team leagues, but remains a viable stash in deep leagues.",Mike Reiss,,"Sep 23, 2026",
DeMarvion Overshown,DAL,Linebacker,Cowboys LB DeMarvion Overshown (hamstring) is not expected to travel to Brazil for Week 3 against the Ravens.,"Overshown will now, apparently, miss his second game this season. He will be missed. The Cowboys’ defense is tasked with stymying the Ravens’ top-tier rushing attack, led by RB Derrick Henry and QB Lamar Jackson.",Nick Harris,,"Sep 23, 2026",
Travis Etienne,NO,Running Back,Saints RB Travis Etienne (hamstring) was limited on Wednesday.,"Etienne begins the week with a limited session, which is either good or bad, depending on when the injury occurred. If this is a lingering issue from Sunday, Etienne should be considered likely to play. Limited practices early in the week are generally a good sign. However, if he suffered the injury during today’s practice, his Week 3 availability would be in jeopardy. Veteran Saints RB Alvin Kamara would likely get the start, but RB Kendre Miller would be FLEX-viable if Etienne sits.",Nick Underhill,,"Sep 23, 2026",
Jonah Coleman,DEN,Running Back,ESPN’s Adam Schefter reports Jonah Coleman suffered a sprained ankle in Week 2 against the Jaguars.,"RJ Harvey missed Week 2 with a hamstring injury and J.K. Dobbins left the game early with what was eventually called leg cramps. It’s unclear if any of the three Denver backs will be available for Week 3. Dobbins appears most likely to suit up, though nothing is guaranteed. Tyler Badie could ultimately be the team’s starting running back on Sunday. He should be stashed in most fantasy leagues in case all three starting options ahead of him are ruled out.",Adam Schefter,,"Sep 23, 2026",
Charlie Kolar,LAC,Tight End,ESPN’s Kris Rhim reports that Chargers TE Charlie Kolar (forearm) will not be placed on injured reserve.,"Kolar’s surgery earlier this week reportedly changed his prognosis. Kolar was expected to land on short-term injured reserve and miss at least four games. Apparently, the team expects him back sooner than that. Backup TE Oronde Gadsden is still set to start, given Kolar and TE David Njoku’s (knee) injuries, but Gadsden’s audition window has evidently shrunk. He remains a worthwhile add and can be started by TE-needy fantasy managers in what should be a productive game environment against the Bills this week.",Kris Rhim,,"Sep 23, 2026",
Aaron Jones,MIN,Running Back,Aaron Jones (knee) did not practice Wednesday.,"Jones tweaked his knee in the Vikings’ Week 2 win over the Bears. He ultimately played through the issue during the second half and racked up 23 carries for 105 yards. Head coach Kevin O’Connell said he was “pretty sore” after the game. ESPN’s Kevin Seifert added today that Jones playing in Week 3 is “not a sure thing.” Jones simply can’t handle that large of a workload at this point in his career, and the team will likely get DeeJay Dallas and Demond Claiborne more involved this week, even if Jones is able to suit up. If he can’t, those two backs will likely split the backfield.",Kevin Seifert,,"Sep 23, 2026",
T.J. Sanders,BUF,Defensive Tackle,Bills DT T.J. Sanders underwent an appendectomy on Tuesday.,"A knee injury sidelined Sanders in Week 1 and continued to limit him in Week 2 practices. Midweek, he had an illness designation added to his injury report listing. Now we know why. It could be a couple more weeks until we see the Bills’ 2025 second-round pick take the field this season.",Lance Lysowski,,"Sep 23, 2026",
Case Keenum,CHI,Quarterback,Bears coach Ben johnson said Case Keenum will practice with the first-team offense on Wednesday.,"Tyson Bagent has not been cleared to practice while he works his way through the league’s concussion protocol. Caleb Williams (hamstring) is unlikely to practice this week, let alone play. That leaves just Keenum at quarterback on the active roster. The Bears have an extra day to get healthy because they play on Monday night, but all signs point to Keenum drawing the start. It will be hard to get any Chicago pass-catcher in fantasy lineups with Keenum under center.",Courtney Cronin,,"Sep 23, 2026",
Ozzy Trapilo,CHI,Offensive Lineman,The Chicago Tribune’s Brad Biggs reports that the plan is for Bears OT Ozzy Trapilo (knee) to be a full participant today.,"This will be Trapilo’s first padded practice since he ruptured his patellar tendon as a rookie last season. The 2025 second-round pick was putting together a solid first season when he suffered the injury. He may not be ready to resume playing on game day yet, but he will serve as a top-tier backup and potentially even challenge for a starting job when he returns. Bears coach Ben Johnson spoke positively about LT Braxton Jones. Bears RT Darnell Wright has been playing through a knee injury.",Brad Biggs,,"Sep 23, 2026",
Kelvin Banks Jr.,NO,Left Offensive Tackle,Saints placed Kelvin Banks (ankle) on injured reserve.,"The team signed long snapper Cal Adomitis and reached an injury settlement with running back Audric Estime in corresponding moves. Banks is undergoing surgery for a severe high-ankle sprain. He could return later this year, but the team will be without their starting left tackle for at least four games, and likely much longer.",Erin Summers,,"Sep 23, 2026",
Nico Collins,HOU,Wide Receiver,ESPN’s DJ Bien-Aime reports Nico Collins (hamstring) was not seen at Wednesday’s practice.,"Collins suffered a grade one hamstring strain during practice last week and did not play in Houston’s game against the Bengals. He could return to practice later in today’s session, but this looks like another DNP, putting him on the wrong side of questionable for Week 3. Dalton Schultz racked up a dozen catches for 140 yards without Collins in Week 2. He is in line for another TE1 ranking if Collins remains out this week.",DJ Bien-Aime,,"Sep 23, 2026",
Travis Hunter,,,Jaguars coach Liam Coen said the Jaguars are “looking at continuing to find different ways” to get Travis Hunter involved.,"Coen talked about getting Hunter involved more on both sides of the ball, so it’s unclear how much of an uptick in offensive snaps we can expect in Week 3. Hunter has a 58 percent snap share on defense and a pitiful nine percent snap share on offense through two games. Even if he isn’t likely to hit the fantasy radar anytime soon, it would be shocking for the No. 2 overall pick to play this infrequently every week.",,,"Sep 23, 2026",
Andrei Iosivas,CIN,Wide Receiver,Bengals placed Andrei Iosivas (thumb) on injured reserve.,"Head coach Zac Taylor said Iosivas is expected to return at some point this year. Colbie Young and Dohnte Meyers will both be in the running for the WR3 role, though it’s not a role that produces fantasy points unless one of Tee Higgins or Ja’Marr Chase goes down.",Ben Baby,,"Sep 23, 2026",
Rueben Bain,TB,Outside Linebacker,Rueben Bain Jr. (groin) did not practice Wednesday.,"The No. 15 overall pick has had a quiet start to the season, with a single combined tackle being his only contribution to the box score so far. Bain began the season playing through a shoulder injury and could now miss time with the groin issue.",Pewter Report,,"Sep 23, 2026",
Rico Dowdle,PIT,Running Back,Rico Dowdle (toe) did not practice Wednesday.,"Per Penn Live’s Nick Farabaugh, Dowdle was wearing a boot on his left foot today. He suffered the toe injury in Week 2 and was initially considered day-to-day. Neither the boot nor the DNP is a good sign for his Week 3 availability. Jaylen Warren would see the bulk of the backfield touches if Dowdle misses time.",Nick Farabaugh,,"Sep 23, 2026",
Zay Flowers,BAL,Wide Receiver,ESPN’s Jamison Hensley reports Zay Flowers (hamstring) did not participate in Wednesday’s practice.,"Barring a surprise, Flowers will be a DNP when the team posts its first injury report of the week. Flowers missed Week 1 with the hamstring injury. Head coach Jesse Minter said earlier this week that he has “a good shot” at playing in Week 3, but a DNP today casts some doubt on his optimism. Rashod Bateman would be in line for another solid workload if Flowers remains out. Bateman caught seven passes for 88 yards and one score on Sunday.",Jamison Hensley,,"Sep 23, 2026",
Mason Taylor,NYJ,Tight End,Maosn Taylor (thumb) did not practice Wednesday.,"Taylor, according to head coach Aaron Glenn, will “be just fine.” That could mean he’ll be ready for the Jets’ Week 3 game against the Lions. Through two games Taylor leads the team in tight end routes while rookie Kenyon Sadiq leads in tight end targets. Sadiq, being targeted on 17 percent of his routes, would be a nice streaming play in Week 3 if Taylor is sidelined.",Rich Cimini,,"Sep 23, 2026",
Tony Pollard,TEN,Running Back,Tony Pollard and Tyjae Spears are dealing with soreness.,"Though it shouldn’t cost them Week 3’s game against the Giants, their practice participation will be worth monitoring in the coming days. Through two games, Pollard leads the team with 21 carries while Spears leads the backfield in pass routes and targets. Both backs are borderline options in deeper fantasy leagues in Week 3. The Giants have allowed the second highest rate of rush yards before contact through two weeks.",Terry McCormick,,"Sep 23, 2026",
Jaxson Dart,NYG,Quarterback,Jaxson Dart will undergo surgery on his injured knee and miss the remainder of the 2026 season.,"The extent of Dart’s knee injury was not initially understood, but further testing showed a serious injury to his MCL and PCL. He’ll be sidelined for the rest of the season, effectively ending the Giants’ season. Jameis Winston will likely take over as the team’s starter. It’s a letdown for Dart, who started the year hot against the Cowboys. In relief of Dart in Week 2, Winston was 25 percent below his expected completion rate, the worst mark in the league. Look for the Giants to be a run-heavy, hyper-conservative offense going forward with targets concentrated between Isaiah Likely and Malik Nabers. Winston might be usable in superflex formats for now.",Ian Rapoport,,"Sep 23, 2026",
Alec Pierce,IND,Wide Receiver,Colts placed Alec Pierce (heel) on injured reserve.,"Pierce will be sidelined for at least four weeks after suffering the injury in Week 2 against Kansas City. Pierce had seen 19 percent of the Colts’ targets and 53 percent of the team’s air yards in Week 1 against the Ravens, resuming his role as a strictly-downfield pass catcher. With Pierce out, Josh Downs should have every chance to operate as the Colts’ No. 1 wideout while Tyler Warren sees a bump in targets. Laquon Treadwell is likely to take over as the team’s lone deep threat. Treadwell can be picked up in 14-team fantasy formats ahead of the Colts’ Week 3 matchup with the Texans.",Adam Schefter,,"Sep 23, 2026",
Tua Tagovailoa,ATL,Quarterback,Amazon Prime’s James Palmer reports Tua Tagovailoa (oblique) will play in Week 3 against the Packers.,"Tagovailoa, fighting injuries for much of the offseason, missed Atlanta’s first two games with an oblique issue. He’ll return just in time to serve as backup to Michael Penix, who’s returning from a 2025 ACL injury. Penix is set to start Thursday night against a Packers defense allowing the ninth lowest adjusted yards per pass attempt.",James Palmer,,"Sep 23, 2026",
Austin Ekeler,,,"Panthers will host a workout for Austin Ekeler, formerly of the Commanders.","Carolina is in need of some backfield reinforcements after losing Jonathon Brooks to a core injury that will leave him sidelined for at least six weeks. AJ Dillon is set to fill in for Brooks while Chub Hubbard presumably continues as the team’s lead back. Ekeler, 31, who hasn’t played since injuring his Achilles last September, could be an emergency running back if Hubbard or Dillon go down with injuries in the coming weeks. First he’ll need to make the squad.",Pro Football Talk,,"Sep 23, 2026",
Jonathon Brooks,CAR,Running Back,NFL Network’s Ian Rapoport reports Jonathon Brooks is expected to have core muscle surgery and will be placed on IR.,"Brooks will be sidelined for at least six weeks. It opens the door for Chuba Hubbard to dominate the Carolina backfield for the next month and a half, with AJ Dillon chipping in as a breather back. Through two game Hubbard leads the Panthers backfield with 22 rushes for 102 yards. He’s run a route on 50 percent of the team’s drop backs and have five targets. The Panthers, meanwhile, have the second highest pass rate over expected through Week 2. Hubbard will be a locked-in top-20 option going forward. Dillon can be stashed in case Hubbard gets dinged up while Brooks is recovering.",Ian Rapoport,,"Sep 23, 2026",
Kerby Joseph,DET,Safety,"Lions coach Dan Campbell said S Brian Branch (Achilles) “has a chance” to resume practicing sooner than S Kerby Joseph (knee), “but it won’t be this week.”","Campbell spoke in a dejected tone when asked about the Lions’ safety duo returning to practice, particularly when discussing Joseph’s outlook. Campbell said Joseph did not suffer a setback, but stopped short of fully explaining the situation. It sounds like Joseph’s recovery stalled. The training staff was focused on strengthening Joseph’s knee, “but there was a little time there where we weren’t able to do everything we needed to do.” The Lions will not ask Joseph to play until he gets his knee as strong as it can possibly be, “and he feels comfortable.” Branch could return to practice in the coming weeks, but at this point, Joseph’s career status seems like it might be up in the air.",Detroit Lions,,"Sep 22, 2026",
Jameis Winston,NYG,Quarterback,FOX Sports’ Ralph Vacchiano believes the Giants’ “best bet is to commit all their first-team reps” to backup QB Jameis Winston rather than trading for a potential fill-in starter.,"Vacchiano explores myriad trade options that the Giants could explore in a lengthy article, but ultimately determines that rolling with Winston, while QB Jaxson Dart (knee) is sidelined, is the team’s best course of action. According to Vacchiano, the Giants viewed Winston “as a solid veteran who was smart and talented enough to get them through a short stretch if Dart went down” when they signed him to a two-year, $13 million contract extension two weeks ago. “Their faith gets shakier when it’s a long-term proposition they were hoping to avoid,” but alas, this appears to be the situation the team is currently facing. If Winston can return to something resembling his 2019 Buccaneers form, when he posted a 5,109/33/30 passing stat line en route to an overall QB3 finish, he could facilitate usable outings for Giants pass catchers. Betting on that exact outcome is unwise, but Winston could be a QB1 streamer in the right situation.",FOX Sports,,"Sep 22, 2026",
Brock Bowers,LV,Tight End,NFL Network’s Ian Rapoport said to “expect” Brock Bowers (knee) to play in Week 3 against the Saints.,"Rapoport wrote that “there is a good chance” Bowers returns this week as the caption for his NFL Network segment. He used stronger language in the actual segment, telling viewers to “expect” Bowers to be on the field when the Raiders travel to New Orleans for a date with the Saints this week. The Raiders’ top pass catcher should be treated as an elite TE1 upon his return.",Ian Rapoport,,"Sep 22, 2026",
Emmett Johnson,KC,Running Back,Chiefs coach Andy Reid said RB Emmett Johnson “will continue to get more snaps.”,"Johnson has turned 14 touches into 103 scrimmage yards thus far. Evidently pleased with his fifth-round rookie, Reid wants to keep “allowing Emmett to grow,” in turn taking “a little bit of load off” starting RB Kenneth Walker. Reid notes that Walker wants the ball on every play and is not asking for a lighter workload, but Reid is seeking “a nice balance with those two in there,” which “keeps them even more fresh as the season goes on.” Walker, of course, remains an elite RB1. Johnson, however, should be rostered in all 12-team leagues as a high-upside bench stash that could return standalone value before long.",Charles Goldman,,"Sep 22, 2026",
Sam Darnold,SEA,Quarterback,NFL Network’s Ian Rapoport reports that Seahawks QB Sam Darnold (glute) “has a chance” to play in Week 3 against the Commanders.,"To be clear, Rapoport’s tone was controlled and cautionary here. Darnold can only be considered questionable, at best. The Seahawks’ quarterback “is healing faster than anyone had imagined,” but Rapoport adds that the team wants to be “cautious” with him. Backup QB Drew Lock should probably be viewed as the presumptive Week 3 starter at this time, but it sounds like Darnold can reasonably be expected to play in Week 4 at the latest.",Ian Rapoport,,"Sep 22, 2026",
Brandin Cooks,SF,Wide Receiver,"49ers signed WR Brandin Cooks, formerly of the Bills.","According to ESPN’s Adam Schefter, Cooks is signing with the 49ers’ practice squad initially “to get up to speed for games.” Cooks, 32, posted a 24/279/0 receiving line in the regular season last year, before chipping in five catches for 78 yards in two playoff games. He is perhaps unlikely to be fantasy-relevant right away, but there is a real chance he could work his way into the 49ers’ wide receiver rotation, given their influx of injuries at the position.",Adam Schefter,,"Sep 22, 2026",
Joe Bachie,,,Lions released LB Joe Bachie.,"Bachie logged 157 defensive snaps and 260 special teams snaps with the Titans last season. He has not played at all defensively for Detroit, but logged 32 special teams snaps. He could return via the practice squad.",Detroit Lions,,"Sep 22, 2026",
Jayden Reed,GB,Wide Receiver,Packers coach Matt LaFleur said “it’s way too early” to determine whether WR Jayden Reed (neck) resumes playing this season.,"Reports have varied as to whether Reed suffered a neck injury or a back injury. Today, the Packers’ head coach clarified that Reed indeed suffered a neck injury. According to ESPN’s Rob Demovsky, Reed is back in Green Bay and is going through a series of tests. Reed is not practicing right now, and it sounds like it could be quite a while before that changes. Hopefully, he can resume playing next year at the very latest.",Rob Demovsky,,"Sep 22, 2026",
Mason Taylor,NYJ,Tight End,NFL Network’s Ian Rapoport reports that Jets TE Mason Taylor (thumb) is considered week-to-week.,"Taylor suffered a thumb injury in Week 2 against the Packers, which will seemingly sideline him for Week 3 and potentially longer. Taylor currently leads Jets tight ends with 78 offensive snaps. Losing for any amount of time elevates rookie TE Kenyon Sadiq to a more prominent role. Sadiq is worth adding in 12-team leagues at this time.",Ian Rapoport,,"Sep 22, 2026",
Anthony Belton,GB,Offensive Lineman,Packers OL Anthony Belton (elbow) was limited in Tuesday’s practice.,"Belton is Green Bay’s new starting right tackle, in theory, with Zach Bako-Bewele done for the season. Not ideal for him to be popping up on the injury report on Tuesday ahead of a TNF clash with the Falcons. We’ll see where this goes; midweek additions are always tricky to figure out the day of, but the Packers offensive line continues to be beset with injuries.",,,"Sep 22, 2026",
Rico Dowdle,PIT,Running Back,NFL Network’s Ian Rapoport reports Rico Dowdle (toe) is considered to be day-to-day.,Dowdle appears to have a good chance of playing in Week 3. He played more snaps than Jaylen Warren in Week 1 and obviously did not while dealing with this injury in Week 2. Ultimately the Steelers offense has been bad enough that neither player profiles as better than a FLEX in Week 3.,Ian Rapoport,,"Sep 22, 2026",
Bailey Zappe,,,Jets released QB Bailey Zappe from their practice squad.,The Jets chose Will Levis over Zappe in what we’re calling “a career-ending blurb.” The 27-year-old Zappe will attempt to pick up the pieces elsewhere.,,,"Sep 22, 2026",
David Onyemata,NYJ,Defensive Lineman,Jets placed DL David Onyemata on injured reserve.,The 33-year-old veteran will miss at least the next four games. He came over from the Falcons this offseason and had played 48 snaps in New York’s first two games.,,,"Sep 22, 2026",
Bishop Fitzgerald,DET,Safety,Lions signed S Bishop Fitzgerald off the Steelers’ practice squad.,"He’ll replace Avonte Maddox, who heads to injured reserve. Fitzgerald, a 23-year-old UDFA, joins a safety room with Chuck Clark and Thomas Harper that is just trying to hold on until Kerby Joseph and Brian Branch are healthy.",,,"Sep 22, 2026",
Arian Smith,NYJ,Wide Receiver,Jets placed WR Arian Smith (knee) on injured reserve.,He’ll miss at least four weeks. Smith had only really been playing special teams. It leaves the Jets with only three wideouts on their 53-man roster following Omar Cooper’s IR placement in Week 1. Tyler Johnson and Sterling Shepard are in line to be elevated off the practice squad for depth in Week 3.,Rich Cimini,,"Sep 22, 2026",
Jaret Patterson,MIN,Running Back,Vikings signed RB Jaret Patterson to their practice squad.,"It was foreshadowed a bit that the Vikings would make some sort of transaction in this area after Aaron Jones took a huge workload in Week 2. We’re not sure if Patterson will instantly be up from the practice squad in Week 3, but he’s got enough NFL experience to be able to help if called upon.",Jeremy Fowler,,"Sep 22, 2026",
Marvin Harrison,ARI,Wide Receiver,The Arizona Republic’s Theo Mackie reports Cardinals coach Mike LaFleur “met [the] idea” of manufacturing touches for Marvin Harrison “with skepticism.”,"“I know it’s like, ‘Well, just get some easy completions to get going,’” LaFleur told Mackie. “And that’s fine. You also have Trey McBride, who’s one of the best underneath guys in the world. And there’s only about 60, 65 plays a game. And you’ve gotta run the ball. And you’ve got Kendrick, who works underneath pretty well too. So everyone’s kind of got their role.” In other words; don’t look for LaFleur to bail your Harrison fantasy pick out. If Harrison does get cooking this year it’ll be in the normal flow of their offense. So far that has yielded just four targets in two games.",Arizona Republic,,"Sep 22, 2026",
Brian Robinson,ATL,Running Back,Brian Robinson (ankle) practiced in full on Tuesday.,Robinson was limited on Monday for the estimated practice session. It seems like he’ll be able to go behind Bijan Robinson in Week 3’s TNF showdown with the Packers.,,,"Sep 22, 2026",
Mike Onwenu,NE,Offensive Lineman,Patriots placed Mike Onwenu (ankle) on injured reserve.,"He’ll miss at least four weeks; we’d be surprised if he played again this season after his leg and ankle bent the wrong way while T.J. Watt rolled into him in Week 2. Greg Van Roten took over at guard for the Patriots, who are not providing Drake Maye with the same sort of consistency up front as he had last year through the season’s first two games.",,,"Sep 22, 2026",
Hayden Rucci,LAC,Tight End,Chargers signed TE Hayden Rucci off the Jaguars’ practice squad.,"The Chargers lost David Njoku and Charlie Kolar to injured reserve, and apparently preferred Rucci to their in-house practice squad players. Rucci will play behind Oronde Gadsden.",,,"Sep 22, 2026",
Jonah Coleman,DEN,Running Back,"The Athletic’s Nick Kosmider believes Jonah Coleman “figures to have a growing role in Denver’s offense, even when the backfield is at full strength.”","It’s worth noting that Sean Payton intimated that both RJ Harvey and JK Dobbins could be available for Week 3 at a Monday presser. The rookie back looked good in his first extended action in Week 2 with both runners out; that does not mean he’s going to have a major role in the backfield in Week 3. We’ll see how the week plays out. Coleman is still worth a speculative waiver add, especially in 12- and 14-team leagues.",The Athletic,,"Sep 22, 2026",
Zach Bako-Bewele,GB,Offensive Lineman,Zach Bako-Bewele said he fully tore his patellar tendon and will undergo surgery.,He faces a nine-month recovery; it was the same patellar tendon he partially tore last season. This is a brutal run-out for the 27-year-old. He’ll enter the 2027 season on a $17.9 million cap figure that the Packers could save money on if they wanted to invoke Post-June 1 designations.,Matt Schneidman,,"Sep 22, 2026",
Tyson Bagent,CHI,Quarterback,NFL Network’s Ian Rapoport reports Tyson Bagent is in concussion protocol.,"In Week 1, the Bears scored 59 points. In Week 3, they will potentially be starting Case Keenum against the Eagles. Life comes at you fast. Bagent will have an extra day to clear protocol because the Bears play on Monday night, but we’ve seen teams be very cautious with concussions over the past few years and it should probably be regarded as more likely than not that Bagent misses Week 3.",Ian Rapoport,,"Sep 22, 2026",
Kenny Moore,PHI,Cornerback,Eagles signed CB Kenny Moore to their practice squad.,"Rare for a practice-squad cornerback to have incentives up to $3 million, but that’s what happened for Moore here. He’ll likely be elevated a few times, then brought up to the active roster for the duration of the season.",Mike Garafolo,,"Sep 22, 2026",
Tua Tagovailoa,ATL,Quarterback,Tua Tagovailoa (oblique) returned to practice on Tuesday.,"With Michael Penix already named the starter, Tagovailoa will be aiming to back him up in Week 3’s TNF clash with the Packers. The 28-year-old veteran got in a full session on Tuesday.",Marc Raimondi,,"Sep 22, 2026",
A.J. Terrell,ATL,Cornerback,Falcons placed CB A.J. Terrell (groin) on injured reserve.,He’ll miss at least the next four games. CJ Henderson will take over at cornerback. The Falcons used Terrell’s roster spot to re-sign Zach Harrison to the active roster from their practice squad.,,,"Sep 22, 2026",
Will Levis,NYJ,Quarterback,"Jets signed QB Will Levis, formerly of the Titans, to their practice squad.",The Jets signed Levis after hosting a workout with the former Titan. Levis will likely start as the team’s QB3 and could have a chance to compete with Cade Klubnik for backup duties behind Geno Smith at some point. Levis was one of the NFL’s most inefficient quarterbacks during his time as Tennessee starter.,Jordan Schultz,,"Sep 22, 2026",
Puka Nacua,,,Rams head coach Sean McVay said he’s “not sure” if Puka Nacua (groin) will play in Week 3.,"McVay said he’s “hopeful” Nacua, who missed Monday night’s game against the Giants, will be able to suit up against Denver next week. The Rams offense was fine without Nacua on Monday against an injury-ravaged Giants team. LA had the week’s fourth highest EPA per play on the way to a 28-6 win. Another game with Nacua sidelined will mean more target domination for Davante Adams and more involvement for Terrance Ferguson, who caught 6-of-9 targets for 54 yards and a touchdown against New York.",Stu Jackson,,"Sep 22, 2026",
Jacob Cowing,SF,Wide Receiver,The Athletic’s Matt Barrows believes Jacob Cowing could be the primary replacement for Demarcus Robinson (ankle).,"Robinson suffered a severe ankle sprain in Sunday’s win against the Dolphins and could miss significant time. Cowing ran seven pass routes after Robinson’s exit from the game — the most among all Niners receivers besides Deebo Samuel and Mike Evans. Cowing was not targeted against Miami. If he gets a bump on snaps and routes this week against the Cardinals, Cowing would be nothing more than a deep league flex play who would likely be a boom-bust option.",The Athletic,,"Sep 22, 2026",
Brian Burns,NYG,Outside Linebacker,Giants head coach John Harbaugh said Brian Burns sustained a low ankle sprain in Week 2 against the Rams.,"Burns was among the key Giants who went down with injury in a blowout loss to the Rams. Burns suffered the sprain in the fourth quarter and needed help getting to the sideline. Harbaugh said the team diagnosed Burns with a low ankle sprain. That could mean he won’t miss much time. New York’s defense, which has struggled through two games — giving up the NFL’s fourth highest offensive success rate — could be even more vulnerable without Burns in the lineup.",Mike Garafolo,,"Sep 22, 2026",
Charlie Kolar,LAC,Tight End,Chargers TE Charlie Kolar (forearm) is undergoing surgery and plans to return in four weeks.,"The Chargers will welcome Kolar back in a month barring complications. He was already placed on IR yesterday, but this timetable update shows that he should be ready to return in late October.",Jeremy Fowler,,"Sep 22, 2026",
Jaxson Dart,NYG,Quarterback,Giants coach John Harbaugh said “evaluations were still ongoing” on Jaxson Dart (knee) and declined to comment on his timeline to return.,"Harbaugh was scooped to his press conference by multiple reporters saying that Dart was likely to miss the remainder of the season, so he probably didn’t have time to change the talking points. It feels like we’re just waiting on this to be official at this point; the Giants will likely name Jameis Winston their starter on Wednesday.",ESPN,,"Sep 22, 2026",
J.K. Dobbins,DEN,Running Back,9NEWS’ Mike Klis reports J.K. Dobbins suffered leg cramps against the Jaguars and there is “optimism the team has dodged a serious setback.”,"Both reports we’ve had on Dobbins since Sunday’s win have been optimistic-sounding. It sounds like he has a good shot to play in Week 3 after leaving Week 2’s game, though we wouldn’t bet on him being any more than part of the committee against the Rams.",Mike Klis,,"Sep 22, 2026",
Jaxson Dart,NYG,Quarterback,ESPN’s Adam Schefter reports Jaxson Dart’s knee injury is “worse than initially thought” and the team is now “facing the possibility of season-ending knee surgery.”,"Obviously we’re looking for a follow up from the team, but this is absolutely brutal news for the Giants. Jameis Winston looked abysmal in his fill-in action against the Rams in Week 2 and, if he played like that going forward, would lower expectations for all Giants skill position players. More importantly for Dart, he’ll miss most of his second season and enter the third year of his rookie contract trying to rehab and prove to the Giants that he’s going to be their quarterback of the future. It’s a rough, rough break for the 23-year-old quarterback.",Adam Schefter,,"Sep 22, 2026",
Jaxson Dart,NYG,Quarterback,NFL Network’s Mike Garafolo reports Jaxson Dart is believed to have an MCL sprain.,"Dart is set to undergo more testing on Tuesday after injuring his knee early in Monday night’s loss to the Rams. Garafolo said players usually take 4-6 weeks to recover from an MCL sprain, though the extent of Dart’s injury remains to be seen. Dart, according to ESPN’s Jordan Raanan, tried to talk Giants coaches into letting him re-enter Monday night’s game in the second half. Jameis Winston, who was miserably inaccurate and mistake-prone against the Rams, would figure to get at least a couple starts while Dart recovers. Winston should be picked up in superflex leagues ahead of the team’s Week 3 game against the Titans.",Mike Garafolo,,"Sep 22, 2026",
Malachi Fields,NYG,Wide Receiver,Malachi Fields caught 2-of-6 targets for 30 yards in the Giants’ Week 2 loss to the Rams.,"Fields struggled alongside the rest of the Giants in a game played mostly with backup quarterback Jameis Winston under center. Jaxson Dart departed after the team’s first possession with what looked like an MCL sprain based on the mechanism of the injury, something that could force missed contests from the normal starter. That would position Fields in a difficult spot to return usable counting stats in the short term. He gets the struggling Titans in Week 3, where he’ll be best left on fantasy benches.",,,"Sep 21, 2026",
Darnell Mooney,NYG,Wide Receiver,Darnell Mooney caught 2-of-3 targets for 48 yards in the Giants’ Week 2 loss to the Rams.,Mooney played well behind Malik Nabers and rookie Malachi Fields but was able to cash in on a 33-yard reception to pad his counting stats in the loss. Fantasy managers of Nabers will want to track his status closely in the coming week after the talented youngster briefly departed with a shoulder injury. An absence could thrust Mooney into a near every-down role against the Titans in Week 3.,,,"Sep 21, 2026",
Malik Nabers,NYG,Wide Receiver,Malik Nabers caught 1-of-4 targets for one yard in the Giants’ Week 2 loss to the Rams.,"Nabers departed the game at the end of the first quarter with a shoulder injury but was able to return after missing only one drive. His putrid box score can largely be attributed to uneven quarterback play from backup Jameis Winston, whom came on in relief of the injured Jaxson Dart after the team’s first possession. Beyond the fact that fantasy managers were left with a near goose egg from their third round selection, Nabers could be forced to contend with backup-level quarterback play in the coming weeks considering the mechanism of Dart’s knee injury. Even so, it will be difficult to sit Nabers in a cake matchup with the Titans in Week 3, making him a classic hold-your-breath start.",,,"Sep 21, 2026",
Isaiah Likely,NYG,Tight End,Isaiah Likely caught 5-of-10 targets for 33 yards in the Giants’ Week 2 loss to the Rams.,"Although fantasy managers are thrilled with the team-leading 10 targets, the nature of those targets is cause for concern considering the uneven play from backup quarterback Jameis Winston. Starter Jaxson Dart was forced from the game with a knee injury on the team’s first possession and it would not be shocking to see him miss games considering the mechanism of his injury, leaving the offense in the hands of the inconsistent Winston. Even so, fantasy managers will be thrilled to start Likely in a plus matchup against the Titans in Week 3, particularly considering the multitude of injuries at the position throughout the league.",,,"Sep 21, 2026",
Cam Skattebo,NYG,Running Back,"Cam Skattebo rushed 12 times for 36 yards in the Giants’ Week 2 loss to the Rams, adding 19 yards on four receptions.","The Giants’ game plan was thrown for a loop when quarterback Jaxson Dart was forced from the game on the team’s first possession and were largely unable to get anything going with Jameis Winston under center. The result was a haphazard scheme thrown together to minimize Winston’s exposure to a relentless Rams defensive front, which drowned the fantasy production of all parties, to include Skattebo. More startling to Skattebo’s fantasy managers was the involvement of Najee Harris in the red zone, who was unable to cash in on two carries from the six on consecutive plays in the second quarter. Skattebo gets a plus matchup against the Titans in Week 3, where he returns to a viable RB2 in fantasy circles.",,,"Sep 21, 2026",
Jameis Winston,NYG,Quarterback,"Jameis Winston completed 11-of-27 passes for 111 yards and an interception in the Giants’ 28-6, Week 2 loss to the Rams, adding one yard on two carries.","Winston came on in relief of the injured Dart after the team’s first possession but never really got the wheels turning in the defeat. He made numerous errant throws and poor decision, as evidenced by the poor completion rate, while averaging only 4.1 yards per pass attempt. Most egregious was a red zone interception with the team down 14-0 in the second quarter, which occurred on a badly under-thrown ball directed toward alpha receiver Malik Nabers. Safety Javon Holland did his part to almost single-handedly keep the team in the game, picking off Matthew Stafford and then both forcing and recovering a fumble on consecutive possessions following Winston’s interception, acts that would ultimately prove futile considering the offense’s inability to move the football. Winston could be headed for a start in Week 3, pending the status of Dart, and gets a much more forgiving matchup against the Titans. Fantasy managers in a pinch could do worse than starting the veteran W-eater.",,,"Sep 21, 2026",
Terrance Ferguson,,,Terrance Ferguson caught 6-of-9 targets for 54 yards and a touchdown in the Rams’ Week 2 win over the Giants.,"Ferguson entered the fourth quarter with a rather modest receiving line, with two of the incompletions directed towards him resultant of passes that hit him in the hands, with the third a poorly thrown pass from Stafford. He heated up in the final frame, highlighted by a five-yard touchdown reception on a crosser from the slot for his first touchdown of his sophomore campaign. Ferguson’s nine targets were one off the 10 of Davante Adams for the team lead in a game played without top aerial option Puka Nacua. Ferguson appears likely to have more spiked weeks like this in the future, although they could be more difficult to diagnose once Nacua returns and the offense doesn’t play quite as much from 12- and 13-personnel. Ferguson can safely be started as a viable tight end option in Week 3 against the Broncos, particularly considering the multitude of injuries at the position throughout the league.",,,"Sep 21, 2026",
Davante Adams,,,Davante Adams caught 8-of-10 targets for 195 yards and two touchdowns in the Rams’ Week 2 win over the Giants.,"Adams seamlessly stepped into the alpha role in the offense in the absence of Puka Nacua, routinely making absurd catches on the perimeter while also showcasing his adept route-running abilities in the open field. His first touchdown came on a deep post route following a double move, during which he strode beyond three defenders. He would cash in again from 11 yards out on a fade to the corner of the end zone. Adams remains a top-tier WR2 with WR1 upside when the Rams take on the Broncos in Week 3.",,,"Sep 21, 2026",
Blake Corum,,,"Blake Corum rushed 12 times for 79 yards in the Rams’ Week 2 win over the Giants, adding 13 yards on one reception.","Corum was kept out of the end zone for the second straight game to open the 2026 season but continues to display elite per-touch efficiency. The scoring woes could persist considering the robust red zone role of cohort Kyren Williams, the latter of whom found pay dirt for the second consecutive game to open the season. Corum continues to be a difficult weekly start outside of deeper leagues for as long as he is taken off the field where it matters most to fantasy production, and will remain a borderline FLEX start when the Rams face the Broncos in Week 3.",,,"Sep 21, 2026",
Kyren Williams,,,"Kyren Williams rushed 12 times for 85 yards in the Rams’ Week 2 win over the Giants, adding 12 yards and a touchdown on two receptions.","Williams has opened the season with touchdowns in consecutive games after hitting pay dirt 15 times or more the previous two seasons. The difference this season is that he’s doing it while Blake Corum has been much more involved in the weekly game plan. Williams continues forward with an elevated weekly floor due to his robust red zone role, albeit with a shakier ceiling than in recent years due to the presence of Corum. He remains a back-end RB2 when the Rams travel to Colorado to face the Bronco in Week 3.",,,"Sep 21, 2026",
Matthew Stafford,,,"Matthew Stafford completed 22-of-31 passes for 327 yards, four touchdowns, and one interception in the Rams’ 28-6, Week 2 win over the Giants.","It was an inspiring effort from the 38-year-old quarterback while playing without his top option through the air in Puka Nacua. Stafford locked onto Davante Adams, the latter of whom turned 10 targets into eight receptions for 195 yards and two touchdowns, on his way to a 22nd career game with four touchdown passes. He also moved into sixth on the all-time passing touchdown leaderboard, overtaking Philip Rivers with the four-touchdown performance. The Rams shook off their travel woes in convincing fashion to move to 1-1 ahead of road meeting with the Broncos in Week 3, where Stafford will remain a locked-in QB1 in fantasy circles.",,,"Sep 21, 2026",
Malik Nabers,NYG,Wide Receiver,Giants WR Malik Nabers (shoulder) returned to Week 2 against the Rams.,"Nabers left at the end of the first quarter with an apparent shoulder injury but returned to the game half way through the second quarter. Nabers has had a right shoulder issue dating back to his college days, something that could help to explain how he was injured on what looked to be a routine play. Fantasy managers can breathe a quick sigh of relief, at least for the time being.",,,"Sep 21, 2026",
Malik Nabers,NYG,Wide Receiver,Giants WR Malik Nabers (shoulder) is questionable to return to Week 2 against the Rams.,Nabers appeared to injure his shoulder late in the first quarter on what looked to be a routine play. He went up to attempt a contested catch and came down holding his shoulder. He immediately walked off the field and was seen in visible pain while be attended to by trainers. The team deemed him questionable to return shortly thereafter. Nabers caught 1-of-2 targets for one yard prior to departing.,,,"Sep 21, 2026",
Darius Slayton,IND,Wide Receiver,"Colts signed WR Darius Slayton, formerly of the Giants.","The seven-year veteran was released by the Giants prior to the start of the regular season, now landing on his feet in Indianapolis to presumably fill in for the injured Alec Pierce. Pierce recently re-injured the heel he had offseason surgery on and will miss an undetermined number of games. Slayton brings a similar, field-stretching archetype to a Colts team in desperate need of someone to elongate the middle of the field. It remains most likely that Josh Downs steps into the featured role through the air.",,,"Sep 21, 2026",
Alec Pierce,IND,Wide Receiver,NFL Network’s Ian Rapoport reports Colts WR Alec Pierce (heel) will “attempt to rehab his injury rather than have surgery.”,"Pierce will most certainly be out for numerous games after appearing to re-injure the heel that he had offseason surgery on in Week 2. Rapoport’s wording seems to indicate that additional surgery has not yet been ruled out, but Pierce will attempt to rehab the issue in the interim. It’s a disaster of a scenario for a team that extended Pierce while allowing Michael Pittman to walk in the offseason. Josh Downs appears most likely to become the focal point of the offense through the air in Pierce’s absence after amassing seven catches on nine targets in the team’s overtime loss to the Chiefs. When, or if, Pierce returns to the active roster in 2026 remains to be seen.",Ian Rapoport,,"Sep 21, 2026",
Jaxson Dart,NYG,Quarterback,Giants QB Jaxson Dart (knee) is questionable to return to Week 2 against the Rams.,"Dart was the victim of a dreaded high-low tackle early in the first quarter and immediately grabbed for his left knee. He was able to gingerly walk to the sideline under his own power, but was in clear and visible pain. Jameis Winston entered the game after a three-and-out from the Rams before Dart walked, again under his own power, to the locker room for additional testing. The team deemed him questionable to return, although it would be truly shocking to see Dart return to the game based on the replay of the play in question. Dart completed 3-of-5 passes for 20 yards prior to departing.",,,"Sep 21, 2026",
Deonte Banks,NYG,Cornerback,"Giants declared CB Deonte Banks, DL Darius Alexander, LB Micah McFadden, S Jason Pinnock, TE Thomas Fidone II, OL J.C. Davis, and DL Bobby Jamison-Travis inactive for Week 2 against the Rams.","Banks was ruled out earlier in the week, leaving no surprises with the New York inactives for Monday Night Football against the Rams. While losing Banks is a significant loss for the secondary, the Rams will be without both Puka Nacua and Jordan Whittington.",,,"Sep 21, 2026",
Puka Nacua,,,Rams WR Puka Nacua (groin) is inactive for Week 2 against the Giants.,"News about a new injury for Nacua didn’t surface until Friday, throwing fantasy managers into a late-week scramble to find a suitable replacement, further convoluted by him entering the weekend as a game-time decision. Those that held out in hopes he would be able to play against the Giants now find themselves with limited options. Nacua reportedly went through an abridged pre-game workout to determine his availability, ultimately failing to prove healthy enough to go. The Rams suddenly find themselves extremely thin at wide receiver with Jordan Whittington also inactive. Tutu Atwell, Konata Mumpfield, and Xavier Smith will fight for snaps behind Davante Adams, while there remains the ever-present possibility the Rams lean into heavy personnel alignments. Joining Nacua and Whittington as inactives are S Kam Kinchens, WR CJ Daniels, QB Ty Simpson, and OL Bill Murray.",,,"Sep 21, 2026",
Zach Ertz,PHI,Tight End,Eagles signed TE Zach Ertz to the practice squad.,"The veteran tight end is reportedly healthy enough following ACL surgery to be brought in as a replacement for Dallas Goedert, the latter of whom is expected to miss multiple weeks with a sprained MCL. Ertz spent the first seven seasons of his professional career in Philadelphia before a three-year stint with the Cardinals and two more with the Commanders. The 12-year veteran turns 36 in November and profiles as a low-upside role player for as long as Goedert remains out, should he receive game-day call-ups from the practice squad.",,,"Sep 21, 2026",
P.J. Locke,DAL,Safety,Cowboys HC Brian Schottenheimer said CB Cobie Durant (hamstring) and S P.J. Locke (plantar fascia) will miss “a few weeks.”,"Durant suffered a hamstring strain and Locke suffered a torn plantar fascia in the team’s Week 2 win over the Commanders. Both players are reportedly going to miss multiple weeks, while a stint on injured reserve is not yet being ruled out for either player. In what has become somewhat of a yearly tradition in Dallas, the secondary is suddenly extremely thin on healthy bodies after the team invested significant capital re-tooling the back end this offseason. Expect Markquese Bell and Shavon Revel to enter the starting lineup for the time being.",,,"Sep 21, 2026",
Will Johnson,ARI,Cornerback,Cardinals HC Mike LaFleur said CB Will Johnson (neck) could miss the remainder of the season.,"This comes a day after LaFleur said he did not believe Johnson suffered a serious injury in Sunday’s loss to the Seahawks. The loss of Johnson would be another blow to a secondary that is already short Garrett Williams (Achilles) and also lost Max Melton (toe) in Week 2. Johnson leads all Cardinals DBs with 111 snaps through the first two weeks, and he appeared on 722 snaps last season. We’ll likely get a clearer timeline for Johnson’s absence in the coming days.",Bo Brack,,"Sep 21, 2026",
Dalvin Tomlinson,LAC,Defensive Lineman,Chargers HC Jim Harbaugh said Dalvin Tomlinson will “miss time” with a hamstring injury.,"Left guard Kayode Awosika (fibula), who has started each of the team’s first two games this season, will also miss some time, per Harbaugh. The Chargers already placed TEs Charlie Kolar (forearm) and David Njoku (fibula) on injured reserve, so it’s safe to assume Tomlinson and Awosika are looking at shorter absences given the team’s decision to leave them on the active roster at this time. Tomlinson has totaled eight tackles and a half sack in the two games he has appeared in, on 65 defensive snaps. Awosika was replaced by former first-round pick Trevor Penning, who will likely step in as the starting left guard until Awosika returns.",Kris Rhim,,"Sep 21, 2026",
Charlie Kolar,LAC,Tight End,Chargers placed TE Charlie Kolar (forearm) on injured reserve.,"We don’t yet know when Kolar could return, but he will have to miss at least the next four games now that he’s on injured reserve. Kolar was seeing a decent workload during the first two weeks of the season, as his 72 snaps led all Chargers tight ends, while his 24 routes run were only one fewer than David Njoku’s 25. With Njoku (fibula) also on injured reserve, Oronde Gadsden could be in line for a significant workload over the next several weeks.",Kris Rhim,,"Sep 21, 2026",
David Njoku,LAC,Tight End,Chargers placed TE David Njoku (fibula) on injured reserve.,"Njoku was unable to put any weight on his right leg and was carted from the field in Sunday’s loss to the Raiders. Njoku has caught six passes for 67 scoreless yards for the Chargers in his first two games with the team and led all tight ends on the roster with 25 routes run. He’ll have to miss at least the next four games now that he’s landed on IR, but we should have a better sense of his return timeline in the coming days.",Kris Rhim,,"Sep 21, 2026",
Dallas Goedert,PHI,Tight End,NFL Network’s Ian Rapoport reports Dallas Goedert is expected to miss a few weeks with a sprained MCL.,"Goedert avoided a serious injury, but the veteran tight end will still be sidelined for a few weeks. It’s a blow to an Eagles passing game that has struggled coming out of the gate, as Goedert has already tallied five receptions for 81 yards and two touchdowns in the first six quarters of football he has played this season. Veteran TE Johnny Mundt should be the favorite to replace Goedert going forward; he stepped in to play 49 snaps against the Titans. Mundt has 76 career receptions in 116 games and shouldn’t be viewed as an option to replace Goedert in fantasy leagues.",Ian Rapoport,,"Sep 21, 2026",
Zay Flowers,BAL,Wide Receiver,Ravens HC Jesse Minter said Zay Flowers (hamstring) has a “good shot” to play in Week 3 against the Cowboys.,"Flowers is one of multiple injured players who Minter said could play in Week 3. Flowers missed Week 2’s game against the Saints after reaggravating his hamstring injury in Week 1 against the Colts, but he was able to practice in a limited capacity to close out the week. We’ll see how he fares this week when the Ravens release their first injury report, but it sounds like the star receiver is trending in the right direction. In addition to Flowers, Minter also said DT Nnamdi Madubuike (neck) and LB Teddye Buchanan (knee) could also return agains the Cowboys.",Ryan Mink,,"Sep 21, 2026",
Mike Evans,SF,Wide Receiver,49ers coach Kyle Shanahan said Mike Evans (hip) will “have to be managed this week.”,"So it’s just like every other week, then, folks. Evans left Week 2’s game against the 49ers but reportedly could have returned if it were close. Evans, 33, likely will miss practice time this week. It doesn’t sound like there’s a major reason to believe he’ll miss Week 3 with the injury based on how this has gone, but we’ll keep updating his practice status.",Nick Wagoner,,"Sep 21, 2026",
Caleb Douglas,MIA,Wide Receiver,Dolphins coach Jeff Hafley said it was “too early in the week to determine” if Caleb Douglas (ankle) will play in Week 3.,So it sounds like this wasn’t just a ding and in fact has a chance to keep him out for the week. He left Week 2’s game in a walking boot after catching 2-of-3 targets for 19 yards. Jalen Tolbert could replace Douglas on the active roster in Week 3 for those of you in 75-team leagues.,Marcel Louis-Jacques,,"Sep 21, 2026",
Alec Pierce,IND,Wide Receiver,Colts head coach Shane Steichen said Alec Pierce (heel) aggravated the injury that required surgery in March and the Colts are “still gathering information.”,"X-rays came back negative last night but Pierce couldn’t put weight on it last night and left on crutches with a boot on. The fact that it was an aggravation is not promising. It sounds like Pierce could be looking at an extended absence. If true, Josh Downs will get some WR3 hype ahead of Week 3’s date against the Texans. If you were wondering why Laquon Treadwell was on the field deep in the game on Sunday night, Pierce’s injury is the reason.",Mike Chappell,,"Sep 21, 2026",
Michael Penix,ATL,Quarterback,Falcons named Michael Penix as the starter for Week 3 against the Packers.,"Penix will make his first start since Week 11 of last season, when he suffered a torn ACL against the Panthers. If he plays well enough, Penix will have a chance to secure the starting job for the remainder of the season, but he will have Tua Tagovailoa looming in the background once he is fully recovered from his oblique injury. Penix has struggled early in his career, throwing for 2,757-12-6 in 14 career games while completing just 59.6 percent of his passes. It seems unlikely that he will hold onto the job for the remaining 15 games of the season, but he’ll get the first legitimate crack at it after the Falcons were forced to start Cooper Rush for the first two weeks of the season. Penix shouldn’t be viewed as anything more than a low-end QB2 for fantasy purposes on Thursday night against the Packers.",Atlanta Falcons,,"Sep 21, 2026",
Tua Tagovailoa,ATL,Quarterback,Tua Tagovailoa (oblique) returned to practice on Tuesday.,"With Michael Penix already named the starter, Tagovailoa will be aiming to back him up in Week 3’s TNF clash with the Packers.",Marc Raimondi,,"Sep 22, 2026",
Aaron Jones,MIN,Running Back,Vikings coach Kevin O’Connell said Aaron Jones was “pretty sore” after Minnesota’s Week 2 win against the Bears.,"He also said he will “be talking about options at running back.” The subtext here is that Jones can’t handle 23-carry workloads in his age-32 season. DeeJay Dallas and Demond Claiborne are their backups on the roster with Jordan Mason on injured reserve. Dallas was just signed earlier this month. Claiborne is “not yet ready to carry the load” per ESPN’s Kevin Seifert. We expect reporting to reveal the second main member of this committee at some point this week, and there’s a chance that said player is in the flex conversation against the Buccaneers in Week 3.",ESPN,,"Sep 21, 2026",
Jauan Jennings,MIN,Wide Receiver,Vikings coach Kevin O’Connell said Jauan Jennings (personal) is expected to return for Week 3.,"Jennings was targeted just once in Week 1. It could be argued that we’re not sure what his target count would look like in a normal Vikings game given how quickly Kyler Murray got hurt, but there’s never been a normal Vikings game anyway. Jennings is best monitored from the waiver wire.",ESPN,,"Sep 21, 2026",
Caleb Williams,CHI,Quarterback,Bears HC Ben Johnson said he does not think Caleb Williams (hamstring) will practice this week.,"While he doesn’t expect Williams to practice this week, Johnson did not rule out the possibility of him playing next Monday night against the Eagles. Williams received positive news on the hamstring injury he suffered in Week 2’s loss to the Vikings, but the Bears’ QB1 is still at risk of missing at least one game after Johnson called him “week-to-week” earlier on Monday. It wouldn’t be surprising if Johnson delayed naming a starting QB as long as he can to give himself a “competitive advantage” heading into Week 3. Fantasy managers rostering Williams will want a contingency plan in place heading into the week and should consider sitting Williams if Johnson doesn’t commit to starting him before Sunday’s games kick off.",Courtney Cronin,,"Sep 21, 2026",
Brock Bowers,LV,Tight End,Raiders HC Klint Kubiak said Brock Bowers (knee) will practice this week.,"Bowers returned to the practice field last Friday and logged a limited session. The star tight end will likely have a chance to log multiple practices this week and should have a realistic shot at suiting up against the Saints. Kubiak said on Sunday that Bowers was “very close” to dressing on game day, and a Week 3 return has always felt like the unofficial deadline if his recovery goes well. Bowers’ status will be one to monitor throughout the week, but it sounds like he is trending in the right direction at the start of this week.",Ryan McFadden,,"Sep 21, 2026",
Michael Pittman,PIT,Wide Receiver,Steelers HC Mike McCarthy said he is unsure if Michael Pittman (foot) will play in Week 3 against the Bengals.,"McCarthy said Pittman is making good progress in his recovery, but noted that this is not the same injury he sustained during training camp. Pittman did not practice leading up to last week’s game against the Patriots and will likely need to log a few limited sessions to have a chance to suit up this week. Germie Bernard ended up seeing eight targets in Pittman’s absence against the Pats, but Aaron Rodgers’ dink-and-dunk style of play makes any receiver in this offense hard to trust for fantasy purposes.",Nick Farabaugh,,"Sep 21, 2026",
Jayden Reed,GB,Wide Receiver,ESPN’s Adam Schefter reports the Packers are “still evaluating” the treatment and recovery timeframe for Jayden Reed (back) after Week 2’s injury.,"Schefter clarifies this as a back injury after it was initially updated by the Packers as a neck injury. Neither of those designations are promising signs for him. Reed’s absence, should it continue into this week, would strengthen fantasy floors for Christian Watson, Matthew Golden, and Tucker Kraft. The Packers used a platoon of players to replace Reed, lead by Skyy Moore.",Adam Schefter,,"Sep 21, 2026",
Nick Cross,WAS,Safety,Commanders HC Dan Quinn said S Nick Cross spent the night in the hospital on Sunday night due to an “internal injury” he suffered in Week 2 against the Cowboys.,"Quinn didn’t disclose any specifics about Cross’ injury, but he did share that Cross was discharged from the hospital on Monday and is making his way back to the team. We’ll see if Cross is able to get on the practice field this week, but the Commanders could be looking at yet another key player being sidelined for Week 3’s game against a Seahawks team that is off to a 2-0 start.",Nicki Jhabvala,,"Sep 21, 2026",
Marcus Mariota,WAS,Quarterback,The Ringer’s Tom Pelissero reports Marcus Mariota is expected to start in Week 3 against the Seahawks.,"Head coach Dan Quinn confirmed Pelissero’s report shortly after it was announced. The 0-2 Commanders will host the Seahawks for their home opener with Mariota under center in what has become an all-too-familiar sight for Commanders fans. With Jayden Daniels (elbow) out for the foreseeable future, Mariota will likely make multiple starts in the coming weeks. The former No. 2 overall pick threw for 1,695 yards, 10 touchdowns, and seven interceptions in 11 games last season while leading the team to a 2-6 record in his eight starts. Mariota has proven to be a viable option in 2QB/Superflex leagues, but he should be avoided in this week’s tough matchup against the Seahawks.",Tom Pelissero,,"Sep 21, 2026",
Jayden Daniels,WAS,Quarterback,Jayden Daniels (elbow) underwent imaging and he and the team will “consult with a variety of experts” over the next few days.,"We’re not likely to hear much on the long-term status of Daniels this week — maybe something breaks by Thursday or Friday — but it is very clear he won’t be starting again in the short-term. Gathering a variety of medical opinions rather than relying on the team doctor is, more often than not, a predecessor to some sort of surgery. It would be hasty to say that’s where this is headed, but it wouldn’t be surprising if it wound up that way given how bad the injury looked on the field.",Ian Rapoport,,"Sep 21, 2026",
Sam Darnold,SEA,Quarterback,Seahawks HC Mike Macdonald said Sam Darnold (glute) is on track to practice this week.,"FOX Sports’ Megan Olivi reported on Sunday that the Seahawks “are aiming” to have Darnold play in Week 3 against the Commanders. It goes without saying that Darnold will need to get a few days of practice in if he hopes to suit up, making this a big week for the Seahawks’ QB1 as he looks to get back on the field. Darnold’s injury wasn’t as severe as the team initially feared when he exited in Week 1 against the Patriots, but with a game against the 0-2 Commanders on the horizon, it’s possible the team doesn’t look to rush him back to the field if he’s not close to 100 percent. His practice status will be worth monitoring throughout the week, but if he’s held out, Drew Lock will make at least one more start in what should be a plus matchup for fantasy managers.",Gregg Bell,,"Sep 21, 2026",
